filename,old_folder,new_folder,source_type,wiki_concepts,tags,risk_category,confidence,moved
102_1a2f19d2.md,AI Safety,RSP,blog_post,RLHF & Its Limitations|Existential Risk & Superintelligence|AI Evaluations & Benchmarks|Responsible Scaling Policies,evaluations|AGI,structural,medium,yes
159_fc67c38f.md,AI Safety,Evaluation,blog_post,Alignment Faking & Scheming|Existential Risk & Superintelligence|AI Evaluations & Benchmarks,deception,misalignment,low,yes
161_b497a748.md,AI Safety,AI Risk Mitigation,blog_post,RLHF & Its Limitations,inner-alignment|catastrophic-risk,misalignment,medium,yes
189_b6e771eb.md,AI Safety,Evaluation,blog_post,RLHF & Its Limitations|Scalable Oversight|Existential Risk & Superintelligence|AI Evaluations & Benchmarks,cyber-offense|intelligence-explosion|catastrophic-risk|interpretability,misuse|mistakes,medium,yes
190_f3b729eb.md,AI Safety,Evaluation,blog_post,AI Evaluations & Benchmarks|Agentic Misalignment,evaluations|autonomous-systems|Anthropic|METR,misalignment,medium,yes
2015_WHAT_DO_YOU_THINK_ABOUT_MACHINES_THAT_THINK_451f0222.md,AI Safety,AI Safety,blog_post,Existential Risk & Superintelligence,,misalignment,low,no
221_56f53f26.md,AI Safety,AI Risk Mitigation,blog_post,RLHF & Its Limitations|Existential Risk & Superintelligence,,misalignment,low,yes
226_9b066c2d.md,AI Safety,Evaluation,blog_post,Existential Risk & Superintelligence|AI Evaluations & Benchmarks|Alignment Faking & Scheming,deception|evaluations,misalignment,medium,yes
254_5f282ae9.md,AI Safety,Evaluation,blog_post,RLHF & Its Limitations|AI Evaluations & Benchmarks,inner-alignment|robustness,misalignment,medium,yes
281_ec170c80.md,AI Safety,AI Risk Mitigation,blog_post,RLHF & Its Limitations|Scalable Oversight,,misalignment,low,yes
287_aa6f98d1.md,AI Safety,Evaluation,blog_post,Scalable Oversight|Alignment Faking & Scheming|AI Evaluations & Benchmarks,scheming|deception|deceptive-alignment|scalable-oversight|evaluations|catastrophic-risk|OpenAI,misalignment,medium,yes
293_5e45579a.md,AI Safety,RSP,blog_post,RLHF & Its Limitations|Scalable Oversight|Existential Risk & Superintelligence|Responsible Scaling Policies,RSP,misalignment,low,yes
301_60c3e5f2.md,AI Safety,Evaluation,blog_post,Existential Risk & Superintelligence|AI Evaluations & Benchmarks,evaluations,misalignment,low,yes
452_758831b4.md,AI Safety,AI Risk Mitigation,blog_post,RLHF & Its Limitations,persuasion,misuse,low,yes
458_cf90fc1b.md,AI Safety,AI Risk Mitigation,blog_post,RLHF & Its Limitations|Existential Risk & Superintelligence,,misalignment,low,yes
AI_Alignment_57150640.md,AI Safety,AI Risk Mitigation,educational,,,misalignment,low,yes
AI_Alignment_72dc2650.md,AI Safety,AI Risk Mitigation,educational,,,misalignment,low,yes
AI_Alignment_9c5918bf.md,AI Safety,AI Risk Mitigation,educational,,,misalignment,low,yes
AI_Alignment_dbe0a694.md,AI Safety,AI Risk Mitigation,educational,,,misalignment,low,yes
AI_Could_Defeat_All_Of_Us_Combined_7a851c62.md,AI Safety,AI Risk Mitigation,blog_post,Scalable Oversight|Existential Risk & Superintelligence,debate|superintelligence|x-risk|AGI,misalignment,high,yes
AI_automated_discrimination._Heres_how_to_spot_it._97d7d082.md,AI Safety,AI Safety,blog_post,,OpenAI|Google|open-source,misalignment,low,no
AI_jailbreaks_What_they_are_and_how_they_can_be_mitigated_Microsoft_Security_Blog_4cf43e3b.md,AI Safety,Evaluation,blog_post,Scalable Oversight|Existential Risk & Superintelligence|AI Evaluations & Benchmarks,red-teaming|dual-use|jailbreaking|prompt-injection,misuse,medium,yes
AI_safety_tip_if_you_dont_want_it_giving_bioweapon_instructions_maybe_dont_put_them_in_the_training__3cdd3de8.md,AI Safety,RSP,blog_post,Scalable Oversight|Responsible Scaling Policies,bioweapons|cyber-offense|CBRN|model-card|Anthropic|OpenAI|Meta|open-source|open-weight,misuse,medium,yes
ATTCK_Matrix_for_Enterprise_90bbfb5d.md,AI Safety,AI Risk Mitigation,educational,,cyber-offense,misuse,low,yes
Advances_in_CRISPR_therapeutics_-_Nature_Reviews_Nephrology_eb101748.md,AI Safety,RSP,blog_post,Responsible Scaling Policies,RSP|regulation,misalignment,medium,yes
Alignment_Research_Center_62b91b1b.md,AI Safety,Model-level Mitigation,blog_post,Weak-to-Strong Generalization,catastrophic-risk|ARC,misalignment,medium,yes
All_Possible_Views_About_Humanitys_Future_Are_Wild_aba44c8e.md,AI Safety,AI Risk Mitigation,blog_post,RLHF & Its Limitations|Existential Risk & Superintelligence,x-risk|AGI,misalignment,high,yes
Announcements_0f14dddf.md,AI Safety,RSP,blog_post,Agentic Misalignment|AI Evaluations & Benchmarks|Responsible Scaling Policies,evaluations|benchmarks|RSP|model-card|agentic-AI|Anthropic|Google,mistakes,medium,yes
Anson_Ho_ed0b588b.md,AI Safety,Evaluation,research_paper,Scalable Oversight|Existential Risk & Superintelligence|AI Evaluations & Benchmarks,debate|benchmarks|intelligence-explosion|OpenAI|AGI,structural,high,yes
Antagonistic_pleiotropy_hypothesis_-_Wikipedia_0f4a99da.md,AI Safety,Evaluation,blog_post,Scalable Oversight|Existential Risk & Superintelligence|AI Evaluations & Benchmarks,catastrophic-risk,misalignment,low,yes
Anthropics_Frontier_Safety_Roadmap_c71576a7.md,AI Safety,RSP,blog_post,AI Evaluations & Benchmarks|Responsible Scaling Policies|Agentic Misalignment,red-teaming|RSP|responsible-scaling|ASL|autonomous-systems|Anthropic|jailbreaking,misuse,medium,yes
Approximating_KL_Divergence_e00e4e24.md,AI Safety,Evaluation,blog_post,RLHF & Its Limitations|AI Evaluations & Benchmarks,,misalignment,low,yes
Article_56_Codes_of_Practice_cd9ad85d.md,AI Safety,Evaluation,blog_post,RLHF & Its Limitations|AI Evaluations & Benchmarks,regulation,misalignment,low,yes
Assurance_contract_-_Wikipedia_05c9efe6.md,AI Safety,AI Safety,blog_post,,,misalignment,low,no
Asynchronous_Methods_for_Deep_Reinforcement_Learning_172f3efa.md,AI Safety,AI Safety,blog_post,Existential Risk & Superintelligence,control-problem,misalignment,low,no
Atoms_for_Peace_-_Wikipedia_5e142ed9.md,AI Safety,AI Safety,blog_post,,,misalignment,low,no
Aviary_training_language_agents_on_challenging_scientific_tasks_FutureHouse_a9156d94.md,AI Safety,Evaluation,blog_post,Scalable Oversight|Agentic Misalignment|AI Evaluations & Benchmarks,benchmarks|tool-use|OpenAI|open-source,misalignment,medium,yes
BadLlama_3_d33b0c77.md,AI Safety,Evaluation,educational,AI Evaluations & Benchmarks,evaluations|benchmarks,misalignment,high,yes
Baruch_Plan_-_Wikipedia_20604dc4.md,AI Safety,AI Safety,blog_post,,,misalignment,low,no
Bayes_factor_-_Wikipedia_2aa0afd6.md,AI Safety,Evaluation,blog_post,RLHF & Its Limitations|AI Evaluations & Benchmarks,evaluations,misalignment,low,yes
Bill_Text_b3f665b3.md,AI Safety,Evaluation,blog_post,Existential Risk & Superintelligence|AI Evaluations & Benchmarks|Scalable Oversight,deception|evaluations|cyber-offense|catastrophic-risk|transparency,misuse,medium,yes
Buck_3aaf690a.md,AI Safety,AI Risk Mitigation,blog_post,RLHF & Its Limitations|Alignment Faking & Scheming|Existential Risk & Superintelligence,scheming,misalignment,low,yes
CAR_T_cell_-_Wikipedia_17b955b4.md,AI Safety,AI Safety,blog_post,,,misalignment,low,no
CBRN_defense_-_Wikipedia_7dc02fd5.md,AI Safety,AI Risk Mitigation,blog_post,Scalable Oversight,CBRN,misuse,low,yes
CERN_for_AI_An_overview_ad031a5f.md,AI Safety,Evaluation,blog_post,RLHF & Its Limitations|Existential Risk & Superintelligence|AI Evaluations & Benchmarks,governance|open-source,misuse,medium,yes
CLARITY_-_Wikipedia_23c62aeb.md,AI Safety,AI Safety,blog_post,Existential Risk & Superintelligence,transparency,misalignment,low,no
CRISPR_-_Wikipedia_6fa4f6de.md,AI Safety,RSP,blog_post,Responsible Scaling Policies,RSP,misalignment,low,yes
CS_188_Fall_2024_968558fc.md,AI Safety,AI Safety,blog_post,,,misalignment,low,no
Claude_Doesnt_Want_to_Die_b85a5017.md,AI Safety,Evaluation,blog_post,RLHF & Its Limitations|Scalable Oversight|Existential Risk & Superintelligence|AI Evaluations & Benchmarks,evaluations|benchmarks|existential-risk|Anthropic|OpenAI,misalignment,medium,yes
Claudes_Constitution_5f2c1d85.md,AI Safety,RSP,blog_post,RLHF & Its Limitations|Constitutional AI (RLAIF)|Scalable Oversight|AI Evaluations & Benchmarks|Responsible Scaling Policies,Constitutional-AI|scalable-oversight|RSP|Anthropic|DeepMind|transparency|adversarial,misalignment,medium,yes
Claudes_Constitution_b1c32e58.md,AI Safety,RSP,model_card,Scalable Oversight|Existential Risk & Superintelligence|AI Evaluations & Benchmarks,bioweapons|cyber-offense|model-card|Anthropic|transparency|jailbreaking,misuse,medium,yes
Code_World_Model_Preparedness_Report_d4af6e7f.md,AI Safety,Evaluation,blog_post,Scalable Oversight|AI Evaluations & Benchmarks,catastrophic-risk|open-weight,misalignment,medium,yes
Concorde_-_Wikipedia_12110b87.md,AI Safety,AI Risk Mitigation,blog_post,Scalable Oversight,,misalignment,low,yes
Confidential_computing_-_Wikipedia_8466b72c.md,AI Safety,AI Safety,blog_post,,,misalignment,low,no
Construct_validity_-_Wikipedia_d940ad0b.md,AI Safety,Evaluation,blog_post,RLHF & Its Limitations|Scalable Oversight|AI Evaluations & Benchmarks,,misalignment,low,yes
Cookie_Policy_1d4cbca5.md,AI Safety,AI Risk Mitigation,research_paper,RLHF & Its Limitations,Google|AGI,structural,high,yes
Cooperative_AI_Contact_92f721d2.md,AI Safety,AI Safety,blog_post,,,misalignment,low,no
Core_Views_on_AI_Safety_When_Why_What_and_How_8c7fd668.md,AI Safety,Evaluation,blog_post,RLHF & Its Limitations|Existential Risk & Superintelligence|AI Evaluations & Benchmarks,catastrophic-risk|Anthropic|OpenAI|interpretability|mechanistic-interpretability,mistakes,medium,yes
Core_Views_on_AI_Safety_When_Why_What_and_How_cbeac227.md,AI Safety,Evaluation,blog_post,RLHF & Its Limitations|Existential Risk & Superintelligence|AI Evaluations & Benchmarks,catastrophic-risk|Anthropic|OpenAI|interpretability|mechanistic-interpretability,mistakes,medium,yes
Cosmos_QA_Machine_Reading_Comprehension_with_Contextual_Commonsense_Reasoning_a5443f4c.md,AI Safety,AI Safety,blog_post,,,misalignment,low,no
Could_Artificial_Intelligence_Be_Misused_to_Plan_Biological_Attacks_fd68ea56.md,AI Safety,Evaluation,blog_post,AI Evaluations & Benchmarks|Scalable Oversight,red-teaming|bioweapons|regulation,misalignment,medium,yes
Countries_that_are_democracies_and_autocracies_a519aa06.md,AI Safety,AI Risk Mitigation,blog_post,RLHF & Its Limitations,,misalignment,low,yes
Crop_Yields_042899e6.md,AI Safety,AI Safety,blog_post,,,misalignment,low,no
Cruel_and_unusual_punishment_-_Wikipedia_70a00794.md,AI Safety,AI Safety,blog_post,,,misalignment,low,no
Dario_Amodei_Machines_of_Loving_Grace_caf0dd8e.md,AI Safety,AI Risk Mitigation,blog_post,Scalable Oversight|Existential Risk & Superintelligence,governance|Anthropic|adversarial,misalignment,medium,yes
Deep_Reinforcement_Learning_from_Human_Preferences_6168096f.md,AI Safety,AI Risk Mitigation,blog_post,RLHF & Its Limitations|Scalable Oversight,,misalignment,low,yes
Deep_TAMER_Interactive_Agent_Shaping_in_High-Dimensional_State_Spaces_1a8f076f.md,AI Safety,AI Safety,blog_post,Existential Risk & Superintelligence|Agentic Misalignment,autonomous-systems,misalignment,low,no
Defining_Insider_Threats_CISA_9afeb970.md,AI Safety,AI Risk Mitigation,blog_post,Scalable Oversight|Existential Risk & Superintelligence,cyber-offense,misuse,low,yes
Diverse_carbon_dioxide_removal_approaches_could_reduce_impacts_on_the_energywaterland_system_-_Natur_48a120c4.md,AI Safety,AI Safety,blog_post,Existential Risk & Superintelligence,open-source,misalignment,low,no
Elo_rating_system_-_Wikipedia_0240201a.md,AI Safety,Evaluation,blog_post,RLHF & Its Limitations|AI Evaluations & Benchmarks,evaluations,misalignment,low,yes
Exclusive_New_Research_Shows_AI_Strategically_Lying_6f6ffce8.md,AI Safety,Evaluation,blog_post,Alignment Faking & Scheming|AI Evaluations & Benchmarks,alignment-faking|deception|dangerous-capabilities|Anthropic|OpenAI,misalignment,medium,yes
Expansion_microscopy_-_Wikipedia_42b2892c.md,AI Safety,AI Safety,blog_post,Existential Risk & Superintelligence,,misalignment,low,no
External_validity_-_Wikipedia_c3e552b8.md,AI Safety,AI Safety,blog_post,,,misalignment,low,no
Externality_-_Wikipedia_9530d9ad.md,AI Safety,AI Risk Mitigation,blog_post,Scalable Oversight,,misalignment,low,yes
FMF_Announces_First-Of-Its-Kind_Information-Sharing_Agreement_-_Frontier_Model_Forum_0426045b.md,AI Safety,AI Risk Mitigation,blog_post,RLHF & Its Limitations,cyber-offense|CBRN|Anthropic|OpenAI|adversarial|jailbreaking,misuse,medium,yes
Five_Eyes_-_Wikipedia_090eb4e2.md,AI Safety,AI Risk Mitigation,blog_post,Scalable Oversight,debate,misalignment,low,yes
Four_Asian_Tigers_-_Wikipedia_0a522b8a.md,AI Safety,AI Risk Mitigation,blog_post,RLHF & Its Limitations,,misalignment,low,yes
Friedrich_Hayek_-_Wikipedia_25ec0df2.md,AI Safety,AI Safety,blog_post,,,misalignment,low,no
Future_of_AI_Course_BlueDot_Impact_100477de.md,AI Safety,AI Risk Mitigation,educational,,,misalignment,low,yes
Future_of_AI_Course_BlueDot_Impact_a9f3387d.md,AI Safety,AI Risk Mitigation,educational,,,misalignment,low,yes
Future_of_AI_Course_BlueDot_Impact_cbe94e84.md,AI Safety,AI Risk Mitigation,educational,,,misalignment,low,yes
Gene_drives_gaining_speed_-_Nature_Reviews_Genetics_37b3bbea.md,AI Safety,Evaluation,blog_post,AI Evaluations & Benchmarks,,misalignment,low,yes
Getting_Closer_to_AI_Complete_Question_Answering_A_Set_of_Prerequisite_Real_Tasks_d03c202c.md,AI Safety,AI Risk Mitigation,blog_post,Pretraining Data Filtering,,misalignment,low,yes
GiveWell_10b8709a.md,AI Safety,RSP,blog_post,RLHF & Its Limitations|AI Evaluations & Benchmarks|Responsible Scaling Policies,evaluations|RSP,misalignment,medium,yes
Going_on_a_vacation_takes_longer_than_Going_for_a_walk_A_Study_of_Temporal_Commonsense_Understanding_ab7380ce.md,AI Safety,Evaluation,blog_post,AI Evaluations & Benchmarks,,misalignment,low,yes
Goodharts_law_-_Wikipedia_d425846f.md,AI Safety,Evaluation,blog_post,Existential Risk & Superintelligence|AI Evaluations & Benchmarks,evaluations|regulation|extinction,misalignment,medium,yes
Google_-_Wikipedia_500fb8cf.md,AI Safety,AI Risk Mitigation,blog_post,RLHF & Its Limitations|Agentic Misalignment,autonomous-systems|Google,misalignment,medium,yes
Google_Security_Keys_Neutralized_Employee_Phishing_34af5dff.md,AI Safety,AI Risk Mitigation,blog_post,RLHF & Its Limitations,Google|open-source,misalignment,medium,yes
Google_pauses_AI-generated_images_of_people_after_ethnicity_criticism_e22a3751.md,AI Safety,AI Safety,blog_post,,Google,misalignment,low,no
Googles_AI_Beats_Legendary_Go_Player_c87361a1.md,AI Safety,AI Safety,blog_post,,DeepMind,misalignment,low,no
Green_Revolution_-_Wikipedia_1d22240b.md,AI Safety,AI Safety,blog_post,,,misalignment,low,no
HiLumi_LHC_CERNs_full-scale_test_stand_ente..._f5bf7d31.md,AI Safety,Evaluation,blog_post,Existential Risk & Superintelligence|AI Evaluations & Benchmarks,,misalignment,low,yes
High-Low_Frequency_Detectors_69e34f7f.md,AI Safety,AI Safety,blog_post,Existential Risk & Superintelligence,watermarking,misalignment,low,no
Highly_accurate_protein_structure_prediction_with_AlphaFold_-_Nature_a06e223c.md,AI Safety,AI Risk Mitigation,blog_post,Scalable Oversight|Existential Risk & Superintelligence,,misalignment,low,yes
HodgkinHuxley_model_-_Wikipedia_cbacdc23.md,AI Safety,AI Safety,blog_post,,,structural,low,no
How_AI_Labs_Can_Safeguard_Model_Weights_f80e302b.md,AI Safety,Evaluation,blog_post,RLHF & Its Limitations|Existential Risk & Superintelligence|AI Evaluations & Benchmarks,benchmarks,misalignment,low,yes
How_to_make_the_best_of_the_most_important_century_8d776ced.md,AI Safety,AI Safety,blog_post,Existential Risk & Superintelligence,adversarial|x-risk|AGI,misalignment,high,no
IBMs_Watson_gave_unsafe_recommendations_for_treating_cancer_f6b8efde.md,AI Safety,AI Risk Mitigation,blog_post,RLHF & Its Limitations|Scalable Oversight,,misalignment,low,yes
If-Then_Commitments_for_AI_Risk_Reduction_420ae078.md,AI Safety,AI Safety,blog_post,Existential Risk & Superintelligence,bioweapons|cyber-offense|regulation|catastrophic-risk|Anthropic|OpenAI|DeepMind|Google|jailbreaking,misuse,medium,no
In_the_AI_science_boom_beware_your_results_are_only_as_good_as_your_data_aa0d4625.md,AI Safety,AI Safety,blog_post,,,misalignment,low,no
Increasing_the_Policy_Readiness_of_Ideas_Tom_Kalil_9daa4574.md,AI Safety,RSP,blog_post,RLHF & Its Limitations|Scalable Oversight|Existential Risk & Superintelligence|AI Evaluations & Benchmarks|Responsible Scaling Policies,RSP|governance|regulation,misalignment,medium,yes
Inhibition_of_IL-11_signalling_extends_mammalian_healthspan_and_lifespan_-_Nature_4dbe3a8d.md,AI Safety,AI Risk Mitigation,blog_post,RLHF & Its Limitations,regulation,misalignment,low,yes
Inside_the_hunt_for_new_physics_at_the_worlds_largest_particle_collider_185a25b3.md,AI Safety,AI Safety,blog_post,,,misalignment,low,no
Institute_for_Disease_Modeling_-_Wikipedia_ef22656c.md,AI Safety,RSP,blog_post,Scalable Oversight|Responsible Scaling Policies,open-source,misalignment,low,yes
Intel_-_Wikipedia_d0c6776a.md,AI Safety,AI Safety,blog_post,,,misalignment,low,no
International_AI_Safety_Report_a7f7f227.md,AI Safety,AI Safety,blog_post,,watermarking,misalignment,low,no
Introducing_computer_use_a_new_Claude_3.5_Sonnet_and_Claude_3.5_Haiku_03af6638.md,AI Safety,RSP,blog_post,Agentic Misalignment|AI Evaluations & Benchmarks|Responsible Scaling Policies,evaluations|benchmarks|RSP|responsible-scaling|ASL|catastrophic-risk|agentic-AI|tool-use|autonomous-systems|Anthropic,misalignment,medium,yes
Introducing_the_Anthropic_Fellows_Program_for_AI_Safety_Research_3a87facf.md,AI Safety,RSP,blog_post,RLHF & Its Limitations|Scalable Oversight|Alignment Faking & Scheming|AI Evaluations & Benchmarks|Responsible Scaling Policies,deception|sleeper-agents|reward-modeling|scalable-oversight|evaluations|dangerous-capabilities|chain-of-thought|RSP|Anthropic|robustness,misuse|misalignment,high,yes
Is_Democracy_a_Fad_6c2db200.md,AI Safety,AI Risk Mitigation,blog_post,RLHF & Its Limitations,,misalignment,low,yes
Jailbreak_tricks_Discords_new_chatbot_into_sharing_napalm_and_meth_instructions_TechCrunch_ec6b1403.md,AI Safety,RSP,blog_post,RLHF & Its Limitations|Existential Risk & Superintelligence|Responsible Scaling Policies,OpenAI|jailbreaking|prompt-injection,misuse,medium,yes
Jason_Matheny_-_Profile_8006f865.md,AI Safety,AI Risk Mitigation,blog_post,RLHF & Its Limitations,,misalignment,low,yes
Jeffrey_Lee_faf2d73f.md,AI Safety,AI Safety,blog_post,,dual-use,misuse,low,no
John_D._Morley_b9ea4300.md,AI Safety,AI Safety,blog_post,,regulation,misalignment,low,no
KullbackLeibler_divergence_-_Wikipedia_f9bd8e99.md,AI Safety,Evaluation,blog_post,AI Evaluations & Benchmarks,,misalignment,low,yes
LAB-Bench_Measuring_Capabilities_of_Language_Models_for_Biology_Research_FutureHouse_71d8629b.md,AI Safety,Evaluation,blog_post,Scalable Oversight|Agentic Misalignment|Existential Risk & Superintelligence|AI Evaluations & Benchmarks,evaluations|benchmarks|tool-use,misalignment,medium,yes
LESSWRONG_318b69cf.md,AI Safety,Evaluation,blog_post,RLHF & Its Limitations|AI Evaluations & Benchmarks,,misalignment,low,yes
LESSWRONG_6e8fb49c.md,AI Safety,AI Risk Mitigation,blog_post,Scalable Oversight,autonomous-systems|OpenAI,misalignment,medium,yes
LESSWRONG_cc1eed09.md,AI Safety,AI Risk Mitigation,blog_post,RLHF & Its Limitations|Existential Risk & Superintelligence|Agentic Misalignment,,misalignment,low,yes
LESSWRONG_d0aef86c.md,AI Safety,AI Risk Mitigation,blog_post,RLHF & Its Limitations|Scalable Oversight|Existential Risk & Superintelligence,,misalignment,low,yes
LESSWRONG_f9826af5.md,AI Safety,AI Risk Mitigation,blog_post,RLHF & Its Limitations,,misalignment,low,yes
LLM_CTF_SaTML_2024_97b1f306.md,AI Safety,Evaluation,blog_post,AI Evaluations & Benchmarks,evaluations|red-teaming|adversarial|prompt-injection|open-source,misalignment,medium,yes
Landauers_principle_-_Wikipedia_1e0a71ad.md,AI Safety,AI Safety,blog_post,,,misalignment,low,no
Life_Expectancy_5bd162df.md,AI Safety,AI Safety,blog_post,,,misalignment,low,no
Locating_and_Editing_Factual_Associations_in_GPT_c596305d.md,AI Safety,RSP,blog_post,AI Evaluations & Benchmarks|Responsible Scaling Policies,RSP,misalignment,low,yes
Location_Verification_for_AI_Chips_Institute_for_AI_Policy_and_Strategy_de9e0639.md,AI Safety,AI Risk Mitigation,blog_post,RLHF & Its Limitations,regulation|open-source,misalignment,medium,yes
Lump_of_labour_fallacy_-_Wikipedia_be3ef851.md,AI Safety,AI Safety,blog_post,,,misalignment,low,no
MATS_Research_fb0dee66.md,AI Safety,RSP,blog_post,RLHF & Its Limitations|AI Evaluations & Benchmarks|Responsible Scaling Policies,deception|RSP|Anthropic|interpretability|mechanistic-interpretability|transparency,misalignment,medium,yes
Malaria_vaccine_-_Wikipedia_a81e30ed.md,AI Safety,AI Risk Mitigation,blog_post,RLHF & Its Limitations,regulation,misalignment,low,yes
Mapping_the_Mind_of_a_Large_Language_Model_498fcf79.md,AI Safety,AI Risk Mitigation,blog_post,RLHF & Its Limitations,Anthropic|OpenAI|interpretability,misalignment,medium,yes
Modifying_LLM_Beliefs_with_Synthetic_Document_Finetuning_6e2b5ec5.md,AI Safety,Evaluation,blog_post,Pretraining Data Filtering|AI Evaluations & Benchmarks,unlearning|evaluations|chain-of-thought|Anthropic|OpenAI|open-source,misalignment,high,yes
Noah_R._Feldman_-_Harvard_Law_School_c07b20cb.md,AI Safety,Model-level Mitigation,blog_post,Scalable Oversight|Constitutional AI (RLAIF),governance,misalignment,low,yes
Official_Leaderboards_cf42ebe4.md,AI Safety,Evaluation,blog_post,RLHF & Its Limitations|AI Evaluations & Benchmarks|Agentic Misalignment,evaluations|Anthropic|OpenAI|open-source,misalignment,medium,yes
OpenAI_Model_Spec_49ff3771.md,AI Safety,AI Risk Mitigation,blog_post,RLHF & Its Limitations|Existential Risk & Superintelligence,OpenAI|transparency,misalignment,medium,yes
Optogenetics_-_Wikipedia_2e1a262a.md,AI Safety,AI Safety,blog_post,Existential Risk & Superintelligence,,misalignment,low,no
Order_statistic_-_Wikipedia_8127eb5f.md,AI Safety,Evaluation,blog_post,RLHF & Its Limitations|AI Evaluations & Benchmarks,,misalignment,low,yes
Paul_Christiano_Current_Work_in_AI_Alignment_Effective_Altruism_c4e0b2b8.md,AI Safety,RSP,blog_post,Existential Risk & Superintelligence|Responsible Scaling Policies|RLHF & Its Limitations,RSP|catastrophic-risk|OpenAI,mistakes,medium,yes
Pause_Giant_AI_Experiments_An_Open_Letter_-_Future_of_Life_Institute_d6f15827.md,AI Safety,RSP,petition,Existential Risk & Superintelligence|Responsible Scaling Policies,power-seeking|RSP|governance|regulation|x-risk|existential-risk|superintelligence|catastrophic-risk|OpenAI|interpretability,misalignment,medium,yes
Political_Declaration_on_Responsible_Military_Use_of_Artificial_Intelligence_and_Autonomy_-_United_S_bf03e86d.md,AI Safety,AI Risk Mitigation,blog_post,Scalable Oversight,,misalignment,low,yes
Population_Growth_0b6d4e35.md,AI Safety,Evaluation,blog_post,AI Evaluations & Benchmarks,,misalignment,low,yes
Pre-agriculture_gender_relations_seem_bad_b40c36f1.md,AI Safety,RSP,blog_post,RLHF & Its Limitations|Scalable Oversight|Responsible Scaling Policies|Existential Risk & Superintelligence,RSP|Google|x-risk|AGI,misalignment,high,yes
Privacy_Notice_80f27f3c.md,AI Safety,AI Safety,research_paper,,AGI,structural,low,no
Putting_up_Bumpers_0d0b4e54.md,AI Safety,Evaluation,blog_post,RLHF & Its Limitations|Alignment Faking & Scheming|Weak-to-Strong Generalization|Existential Risk & Superintelligence|AI Evaluations & Benchmarks,sandbagging|superalignment|evaluations|red-teaming|dangerous-capabilities|regulation|AGI|autonomous-systems|Anthropic|OpenAI,misalignment,high,yes
Quantum_tunnelling_-_Wikipedia_fd74ba02.md,AI Safety,AI Safety,blog_post,,,misalignment,low,no
RAND_Global_and_Emerging_Risks_28d3042c.md,AI Safety,AI Safety,blog_post,,,misalignment,low,no
RAND_Provides_Objective_Research_Services_and_Public_Policy_Analysis_1dbe37c2.md,AI Safety,AI Safety,blog_post,,,misalignment,low,no
Reasons_that_AI_Can_Help_with_AI_Governance_56a98a0a.md,AI Safety,RSP,blog_post,Constitutional AI (RLAIF)|Existential Risk & Superintelligence|AI Evaluations & Benchmarks|Responsible Scaling Policies,Constitutional-AI|bioweapons|cyber-offense|disinformation|RSP|governance|Anthropic|OpenAI|open-source,misuse,medium,yes
Rights_and_Permissions_dd3789cd.md,AI Safety,AI Safety,blog_post,,,misalignment,low,no
Roth_v._United_States_-_Wikipedia_82972646.md,AI Safety,AI Safety,blog_post,,,misalignment,low,no
Safety_engineering_target_selection_and_alignment_theory_-_Machine_Intelligence_Research_Institute_8e289f7b.md,AI Safety,AI Risk Mitigation,blog_post,RLHF & Its Limitations|Existential Risk & Superintelligence,,misalignment,low,yes
Scaling_tacit_knowledge_8d8f5a60.md,AI Safety,AI Risk Mitigation,blog_post,RLHF & Its Limitations|Scalable Oversight|Existential Risk & Superintelligence,Google,misalignment,low,yes
Secretary_of_State_speech_at_CogX_Festival_3ceb7a55.md,AI Safety,AI Safety,blog_post,,regulation,misalignment,low,no
Sensitive_compartmented_information_facility_-_Wikipedia_f4baae85.md,AI Safety,AI Risk Mitigation,blog_post,Scalable Oversight,,misalignment,low,yes
Short_letter_to_my_11-year-old_self_174af071.md,AI Safety,AI Risk Mitigation,blog_post,RLHF & Its Limitations|Scalable Oversight|Existential Risk & Superintelligence,debate|biorisk,misalignment,medium,yes
Smallpox_8f3d0739.md,AI Safety,AI Safety,blog_post,,,misalignment,low,no
Smart_contract_-_Wikipedia_a859c087.md,AI Safety,AI Risk Mitigation,blog_post,RLHF & Its Limitations,,misalignment,low,yes
Sortition_-_Wikipedia_38461114.md,AI Safety,AI Risk Mitigation,blog_post,RLHF & Its Limitations|Existential Risk & Superintelligence,governance,misalignment,low,yes
Squiggle_Maximizer_formerly_Paperclip_maximizer_9bc9007c.md,AI Safety,RSP,blog_post,RLHF & Its Limitations|Scalable Oversight|Existential Risk & Superintelligence|Responsible Scaling Policies,inner-alignment|outer-alignment|RSP|AGI|intelligence-explosion,misalignment,medium,yes
Statistical_hypothesis_test_-_Wikipedia_391af5d7.md,AI Safety,Evaluation,blog_post,AI Evaluations & Benchmarks,,misalignment,low,yes
Steering_at_the_Frontier_Extending_the_Power_of_Prompting_-_Microsoft_Research_aacb2dd9.md,AI Safety,Evaluation,blog_post,RLHF & Its Limitations|Scalable Oversight|AI Evaluations & Benchmarks,evaluations|benchmarks|Google,misalignment,medium,yes
Subscribe_to_Epoch_AI_0f65568e.md,AI Safety,AI Safety,blog_post,,,misalignment,low,no
Sydney_Brenner_-_Wikipedia_68c339bd.md,AI Safety,AI Risk Mitigation,blog_post,RLHF & Its Limitations,,misalignment,low,yes
Synthetic_data_real_harm_190b80b8.md,AI Safety,Model-level Mitigation,blog_post,RLHF & Its Limitations|Constitutional AI (RLAIF),governance,mistakes,low,yes
TIME100_AI_2024_Yoshua_Bengio_1464b780.md,AI Safety,RSP,blog_post,RLHF & Its Limitations|Scalable Oversight|Existential Risk & Superintelligence|Responsible Scaling Policies|Agentic Misalignment,biorisk|bioweapons|cyber-offense|disinformation|RSP|regulation|existential-risk|catastrophic-risk|autonomous-systems,misuse,medium,yes
Technological_singularity_-_Wikipedia_cbb7a8a9.md,AI Safety,AI Risk Mitigation,blog_post,Scalable Oversight|Existential Risk & Superintelligence,superintelligence|intelligence-explosion|extinction,misalignment,medium,yes
The_Amyloid-β_Pathway_in_Alzheimers_Disease_-_Molecular_Psychiatry_6e1c20d8.md,AI Safety,RSP,blog_post,RLHF & Its Limitations|Scalable Oversight|AI Evaluations & Benchmarks|Responsible Scaling Policies,evaluations|RSP|regulation,misalignment,medium,yes
The_Art_of_the_Deal_-_Wikipedia_b79326db.md,AI Safety,AI Risk Mitigation,blog_post,RLHF & Its Limitations,,misalignment,low,yes
The_Association_between_Subjective_Well-being_and_Regime_Type_across_78_countries_the_moderating_rol_d6fc7d31.md,AI Safety,Evaluation,blog_post,RLHF & Its Limitations|AI Evaluations & Benchmarks,evaluations,misalignment,low,yes
The_Better_Angels_of_Our_Nature_-_Wikipedia_c0162d30.md,AI Safety,RSP,blog_post,Responsible Scaling Policies,RSP,misalignment,low,yes
The_Bread_and_Butter_Problem_in_AI_Policy_b0ce0b11.md,AI Safety,AI Risk Mitigation,blog_post,Scalable Oversight,governance|regulation,misalignment,medium,yes
The_Building_Blocks_of_Interpretability_1d4292ce.md,AI Safety,Evaluation,blog_post,AI Evaluations & Benchmarks,interpretability,misalignment,low,yes
The_CIFAR-10_dataset_857ecb19.md,AI Safety,AI Safety,blog_post,,,misalignment,low,no
The_Computational_Democracy_Project_f509dda6.md,AI Safety,AI Risk Mitigation,blog_post,RLHF & Its Limitations,open-source,misalignment,low,yes
The_Duplicator_e65d0141.md,AI Safety,AI Risk Mitigation,blog_post,RLHF & Its Limitations|Existential Risk & Superintelligence,x-risk|AGI,misalignment,high,yes
The_End_of_History_and_the_Last_Man_-_Wikipedia_c764d2ce.md,AI Safety,Evaluation,blog_post,AI Evaluations & Benchmarks,,misalignment,low,yes
The_Goddess_of_Everything_Else_ab84d811.md,AI Safety,AI Safety,blog_post,Existential Risk & Superintelligence,extinction,misalignment,low,no
The_Great_Illusion_-_Wikipedia_bf74fee6.md,AI Safety,AI Safety,blog_post,Existential Risk & Superintelligence,,misalignment,low,no
The_U.S._Public_Wants_Regulation_or_Prohibition_of_ExpertLevel_and_Superhuman_AI_-_Future_of_Life_In_c40e1edd.md,AI Safety,AI Risk Mitigation,blog_post,RLHF & Its Limitations|Scalable Oversight|Existential Risk & Superintelligence,regulation|extinction,structural,medium,yes
The_case_for_taking_AI_seriously_as_a_threat_to_humanity_3004f8c2.md,AI Safety,AI Safety,blog_post,Existential Risk & Superintelligence,disinformation|catastrophic-risk|OpenAI|DeepMind|Google,misuse,medium,no
The_costs_of_caution_a3459305.md,AI Safety,AI Safety,blog_post,Existential Risk & Superintelligence,,misalignment,low,no
The_lifesaving_Nobel_Prize-winning_discovery_that_almost_didnt_happen_7a287508.md,AI Safety,AI Safety,blog_post,,,misalignment,low,no
The_most_important_century_blog_post_series_fd178cb0.md,AI Safety,AI Risk Mitigation,blog_post,RLHF & Its Limitations|Scalable Oversight|Existential Risk & Superintelligence,x-risk|AGI,misalignment,high,yes
The_near-term_impact_of_AI_on_the_cyber_threat_ed1654d4.md,AI Safety,Evaluation,blog_post,RLHF & Its Limitations|Scalable Oversight|AI Evaluations & Benchmarks,,misuse,low,yes
The_world_is_awful._The_world_is_much_better._The_world_can_be_much_better._fafa44ac.md,AI Safety,RSP,blog_post,RLHF & Its Limitations|Existential Risk & Superintelligence|Responsible Scaling Policies,RSP,misalignment,low,yes
Three-body_problem_-_Wikipedia_f2d9a2b9.md,AI Safety,AI Safety,blog_post,,,misalignment,low,no
Three_rules_for_technological_fixes_-_Nature_92877fb3.md,AI Safety,AI Risk Mitigation,blog_post,RLHF & Its Limitations|Scalable Oversight,regulation,misalignment,low,yes
Tim_Huas_Personal_Website_15d671dc.md,AI Safety,AI Safety,blog_post,Existential Risk & Superintelligence,,misalignment,low,no
Tit_for_tat_-_Wikipedia_99757fe1.md,AI Safety,Evaluation,blog_post,RLHF & Its Limitations|AI Evaluations & Benchmarks|Agentic Misalignment,adversarial,misalignment,low,yes
Towards_Monosemanticity_Decomposing_Language_Models_With_Dictionary_Learning_eaa33128.md,AI Safety,AI Risk Mitigation,research_paper,Existential Risk & Superintelligence,interpretability|mechanistic-interpretability|Anthropic,misalignment,high,yes
Two_US_lawyers_fined_for_submitting_fake_court_citations_from_ChatGPT_c4a26fae.md,AI Safety,AI Safety,blog_post,,OpenAI,mistakes,low,no
U.S._Commerce_Secretary_Gina_Raimondo_Announces_Expansion_of_U.S._AI_Safety_Institute_Leadership_Tea_ead0c98f.md,AI Safety,AI Risk Mitigation,blog_post,RLHF & Its Limitations|Existential Risk & Superintelligence,,misalignment,low,yes
U.S._Pushes_for_Less_AI_Regulation_at_Paris_Summit_e783d383.md,AI Safety,AI Risk Mitigation,blog_post,RLHF & Its Limitations,disinformation|governance|regulation|catastrophic-risk|Anthropic|OpenAI,misuse,medium,yes
United_States_Armed_Forces_-_Wikipedia_f075ee33.md,AI Safety,AI Risk Mitigation,blog_post,Scalable Oversight,,misalignment,low,yes
United_States_government_role_in_civil_aviation_-_Wikipedia_56879b18.md,AI Safety,AI Risk Mitigation,blog_post,RLHF & Its Limitations,regulation,misalignment,low,yes
Updated_October_7_Semiconductor_Export_Controls_c314c235.md,AI Safety,AI Safety,blog_post,,regulation,misalignment,low,no
What_Is_DeepSeek_the_New_Chinese_OpenAI_Rival_8399055d.md,AI Safety,Evaluation,blog_post,RLHF & Its Limitations|Existential Risk & Superintelligence|AI Evaluations & Benchmarks,OpenAI|Meta|open-source,misalignment,medium,yes
What_do_coherence_arguments_imply_about_the_behavior_of_advanced_AI_284a99f9.md,AI Safety,AI Risk Mitigation,blog_post,RLHF & Its Limitations,,misalignment,low,yes
What_is_AI_alignment_510ee1d0.md,AI Safety,AI Risk Mitigation,educational,Scalable Oversight|Existential Risk & Superintelligence,governance|existential-risk|AGI|catastrophic-risk|extinction|jailbreaking,misuse,high,yes
What_is_AI_alignment_c1a9b2f0.md,AI Safety,AI Risk Mitigation,educational,Scalable Oversight|Existential Risk & Superintelligence,governance|existential-risk|AGI|catastrophic-risk|extinction|jailbreaking,misuse,high,yes
What_is_faithful_chain-of-thought_reasoning_and_why_is_it_useful_for_AI_safety_4f1c4c90.md,AI Safety,Evaluation,educational,Alignment Faking & Scheming|Existential Risk & Superintelligence|AI Evaluations & Benchmarks,deception|sandbagging|reward-hacking|chain-of-thought|Anthropic|OpenAI|interpretability,misalignment|mistakes,high,yes
What_is_supervised_fine-tuning_ea12b59d.md,AI Safety,Evaluation,educational,RLHF & Its Limitations|Weak-to-Strong Generalization|AI Evaluations & Benchmarks,RLHF|superalignment|OpenAI,misalignment,high,yes
What_is_the_alignment_problem_c4c79e06.md,AI Safety,Evaluation,blog_post,RLHF & Its Limitations|AI Evaluations & Benchmarks,OpenAI|DeepMind,misalignment,medium,yes
What_normal_Americans_not_AI_companies_want_for_AI_ce23b483.md,AI Safety,AI Risk Mitigation,blog_post,RLHF & Its Limitations|Existential Risk & Superintelligence,disinformation|governance|regulation|Anthropic|OpenAI,misuse,medium,yes
Whole-genome_risk_prediction_of_common_diseases_in_human_preimplantation_embryos_-_Nature_Medicine_085889be.md,AI Safety,Evaluation,blog_post,AI Evaluations & Benchmarks,,misalignment,low,yes
Why_AI_alignment_could_be_hard_with_modern_deep_learning_fadf7c15.md,AI Safety,AI Risk Mitigation,blog_post,Scalable Oversight|Existential Risk & Superintelligence,sycophancy|x-risk|AGI,misalignment,high,yes
Why_Arms_Control_Is_So_Rare_American_Political_Science_Review_Cambridge_Core_ff5c046a.md,AI Safety,AI Risk Mitigation,blog_post,RLHF & Its Limitations,transparency,misalignment,low,yes
Why_Does_Ozempic_Cure_All_Diseases_71f051a8.md,AI Safety,AI Safety,blog_post,Existential Risk & Superintelligence,,misalignment,low,no
Why_Im_Leaving_OpenAI_and_What_Im_Doing_Next_42a87e0f.md,AI Safety,Evaluation,blog_post,RLHF & Its Limitations|Scalable Oversight|Existential Risk & Superintelligence|AI Evaluations & Benchmarks,red-teaming|model-card|governance|regulation|compute-governance|AGI|OpenAI,misalignment,medium,yes
Why_Im_optimistic_about_our_alignment_approach_3063882f.md,AI Safety,Evaluation,blog_post,RLHF & Its Limitations|Agentic Misalignment|Existential Risk & Superintelligence|AI Evaluations & Benchmarks,RLHF|evaluations|AGI|multi-agent|OpenAI,misalignment,medium,yes
Why_Would_AI_Aim_To_Defeat_Humanity_efd7b429.md,AI Safety,AI Alignment,blog_post,Alignment Faking & Scheming|Existential Risk & Superintelligence,deception|x-risk|AGI,misalignment,high,yes
Why_the_Godfather_of_A.I._Fears_What_Hes_Built_0d17111a.md,AI Safety,AI Safety,blog_post,Existential Risk & Superintelligence,OpenAI|Google,misalignment,medium,no
WikipediaManual_of_Style_-_Wikipedia_b6776631.md,AI Safety,AI Risk Mitigation,blog_post,RLHF & Its Limitations|Scalable Oversight,,misalignment,low,yes
Ω_34_67f38999.md,AI Safety,Evaluation,blog_post,Alignment Faking & Scheming|AI Evaluations & Benchmarks,sandbagging|chain-of-thought|open-weight,misuse|misalignment,medium,yes
Ω_36_b7040c0e.md,AI Safety,Model-level Mitigation,blog_post,RLHF & Its Limitations|Constitutional AI (RLAIF)|Alignment Faking & Scheming|Existential Risk & Superintelligence,scheming|deception|deceptive-alignment|sleeper-agents|sycophancy|RLHF|RLAIF|chain-of-thought|catastrophic-risk|robustness,misalignment,medium,yes
Ω_38_e12fdd1d.md,AI Safety,AI Safety,blog_post,,,misalignment,low,no
Ω_3_f162cf38.md,AI Safety,Evaluation,blog_post,AI Evaluations & Benchmarks,catastrophic-risk,misalignment,low,yes
Ω_40_e075e628.md,AI Safety,RSP,blog_post,AI Evaluations & Benchmarks|Responsible Scaling Policies,evaluations|RSP|OpenAI|adversarial,misalignment,medium,yes
Ω_55_79d493f9.md,AI Safety,Evaluation,blog_post,Scalable Oversight|Existential Risk & Superintelligence|AI Evaluations & Benchmarks,evaluations|catastrophic-risk|jailbreaking,misuse,medium,yes
