action,ai_score,confidence,filename,moved,new_folder,old_folder,risk_category,source_type,tags,wiki_concepts
applied,7,medium,102_1a2f19d2.md,yes,RSP,AI Safety,structural,blog_post,evaluations|AGI,RLHF & Its Limitations|Existential Risk & Superintelligence|AI Evaluations & Benchmarks|Responsible Scaling Policies
applied,12,low,159_fc67c38f.md,yes,Evaluation,AI Safety,misalignment,blog_post,deception,Alignment Faking & Scheming|Existential Risk & Superintelligence|AI Evaluations & Benchmarks
applied,12,medium,161_b497a748.md,yes,AI Risk Mitigation,AI Safety,misalignment,blog_post,inner-alignment|catastrophic-risk,RLHF & Its Limitations
applied,5,medium,189_b6e771eb.md,yes,Evaluation,AI Safety,misuse|mistakes,blog_post,cyber-offense|intelligence-explosion|catastrophic-risk|interpretability,RLHF & Its Limitations|Scalable Oversight|Existential Risk & Superintelligence|AI Evaluations & Benchmarks
applied,13,medium,190_f3b729eb.md,yes,Evaluation,AI Safety,misalignment,blog_post,evaluations|autonomous-systems|Anthropic|METR,AI Evaluations & Benchmarks|Agentic Misalignment
applied,3,low,221_56f53f26.md,yes,AI Risk Mitigation,AI Safety,misalignment,blog_post,,RLHF & Its Limitations|Existential Risk & Superintelligence
applied,5,medium,226_9b066c2d.md,yes,Evaluation,AI Safety,misalignment,blog_post,deception|evaluations,Existential Risk & Superintelligence|AI Evaluations & Benchmarks|Alignment Faking & Scheming
applied,8,medium,254_5f282ae9.md,yes,Evaluation,AI Safety,misalignment,blog_post,inner-alignment|robustness,RLHF & Its Limitations|AI Evaluations & Benchmarks
applied,4,low,281_ec170c80.md,yes,AI Risk Mitigation,AI Safety,misalignment,blog_post,,RLHF & Its Limitations|Scalable Oversight
applied,12,medium,287_aa6f98d1.md,yes,Evaluation,AI Safety,misalignment,blog_post,scheming|deception|deceptive-alignment|scalable-oversight|evaluations|catastrophic-risk|OpenAI,Scalable Oversight|Alignment Faking & Scheming|AI Evaluations & Benchmarks
applied,13,low,293_5e45579a.md,yes,RSP,AI Safety,misalignment,blog_post,RSP,RLHF & Its Limitations|Scalable Oversight|Existential Risk & Superintelligence|Responsible Scaling Policies
applied,3,low,301_60c3e5f2.md,yes,Evaluation,AI Safety,misalignment,blog_post,evaluations,Existential Risk & Superintelligence|AI Evaluations & Benchmarks
applied,8,low,452_758831b4.md,yes,AI Risk Mitigation,AI Safety,misuse,blog_post,persuasion,RLHF & Its Limitations
applied,2,low,458_cf90fc1b.md,yes,AI Risk Mitigation,AI Safety,misalignment,blog_post,,RLHF & Its Limitations|Existential Risk & Superintelligence
skip_lowconf_noconcepts,2,low,AI_Alignment_57150640.md,yes,AI Risk Mitigation,AI Safety,misalignment,educational,,
skip_lowconf_noconcepts,2,low,AI_Alignment_72dc2650.md,yes,AI Risk Mitigation,AI Safety,misalignment,educational,,
skip_lowconf_noconcepts,2,low,AI_Alignment_9c5918bf.md,yes,AI Risk Mitigation,AI Safety,misalignment,educational,,
skip_lowconf_noconcepts,2,low,AI_Alignment_dbe0a694.md,yes,AI Risk Mitigation,AI Safety,misalignment,educational,,
applied,5,high,AI_Could_Defeat_All_Of_Us_Combined_7a851c62.md,yes,AI Risk Mitigation,AI Safety,misalignment,blog_post,debate|superintelligence|x-risk|AGI,Scalable Oversight|Existential Risk & Superintelligence
applied,8,medium,AI_jailbreaks_What_they_are_and_how_they_can_be_mitigated_Microsoft_Security_Blog_4cf43e3b.md,yes,Evaluation,AI Safety,misuse,blog_post,red-teaming|dual-use|jailbreaking|prompt-injection,Scalable Oversight|Existential Risk & Superintelligence|AI Evaluations & Benchmarks
applied,8,medium,AI_safety_tip_if_you_dont_want_it_giving_bioweapon_instructions_maybe_dont_put_them_in_the_training__3cdd3de8.md,yes,RSP,AI Safety,misuse,blog_post,bioweapons|cyber-offense|CBRN|model-card|Anthropic|OpenAI|Meta|open-source|open-weight,Scalable Oversight|Responsible Scaling Policies
skip_lowconf_noconcepts,1,low,ATTCK_Matrix_for_Enterprise_90bbfb5d.md,yes,AI Risk Mitigation,AI Safety,misuse,educational,cyber-offense,
applied,3,medium,Advances_in_CRISPR_therapeutics_-_Nature_Reviews_Nephrology_eb101748.md,yes,RSP,AI Safety,misalignment,blog_post,RSP|regulation,Responsible Scaling Policies
applied,4,medium,Alignment_Research_Center_62b91b1b.md,yes,Model-level Mitigation,AI Safety,misalignment,blog_post,catastrophic-risk|ARC,Weak-to-Strong Generalization
applied,4,high,All_Possible_Views_About_Humanitys_Future_Are_Wild_aba44c8e.md,yes,AI Risk Mitigation,AI Safety,misalignment,blog_post,x-risk|AGI,RLHF & Its Limitations|Existential Risk & Superintelligence
applied,8,medium,Announcements_0f14dddf.md,yes,RSP,AI Safety,mistakes,blog_post,evaluations|benchmarks|RSP|model-card|agentic-AI|Anthropic|Google,Agentic Misalignment|AI Evaluations & Benchmarks|Responsible Scaling Policies
applied,12,high,Anson_Ho_ed0b588b.md,yes,Evaluation,AI Safety,structural,research_paper,debate|benchmarks|intelligence-explosion|OpenAI|AGI,Scalable Oversight|Existential Risk & Superintelligence|AI Evaluations & Benchmarks
applied,2,low,Antagonistic_pleiotropy_hypothesis_-_Wikipedia_0f4a99da.md,yes,Evaluation,AI Safety,misalignment,blog_post,catastrophic-risk,Scalable Oversight|Existential Risk & Superintelligence|AI Evaluations & Benchmarks
applied,6,medium,Anthropics_Frontier_Safety_Roadmap_c71576a7.md,yes,RSP,AI Safety,misuse,blog_post,red-teaming|RSP|responsible-scaling|ASL|autonomous-systems|Anthropic|jailbreaking,AI Evaluations & Benchmarks|Responsible Scaling Policies|Agentic Misalignment
skip_no_ai_signal,1,low,Approximating_KL_Divergence_e00e4e24.md,yes,Evaluation,AI Safety,misalignment,blog_post,,RLHF & Its Limitations|AI Evaluations & Benchmarks
applied,2,low,Article_56_Codes_of_Practice_cd9ad85d.md,yes,Evaluation,AI Safety,misalignment,blog_post,regulation,RLHF & Its Limitations|AI Evaluations & Benchmarks
applied,8,medium,Aviary_training_language_agents_on_challenging_scientific_tasks_FutureHouse_a9156d94.md,yes,Evaluation,AI Safety,misalignment,blog_post,benchmarks|tool-use|OpenAI|open-source,Scalable Oversight|Agentic Misalignment|AI Evaluations & Benchmarks
applied,3,high,BadLlama_3_d33b0c77.md,yes,Evaluation,AI Safety,misalignment,educational,evaluations|benchmarks,AI Evaluations & Benchmarks
applied,3,low,Bayes_factor_-_Wikipedia_2aa0afd6.md,yes,Evaluation,AI Safety,misalignment,blog_post,evaluations,RLHF & Its Limitations|AI Evaluations & Benchmarks
applied,6,medium,Bill_Text_b3f665b3.md,yes,Evaluation,AI Safety,misuse,blog_post,deception|evaluations|cyber-offense|catastrophic-risk|transparency,Existential Risk & Superintelligence|AI Evaluations & Benchmarks|Scalable Oversight
applied,4,low,Buck_3aaf690a.md,yes,AI Risk Mitigation,AI Safety,misalignment,blog_post,scheming,RLHF & Its Limitations|Alignment Faking & Scheming|Existential Risk & Superintelligence
skip_no_ai_signal,1,low,CBRN_defense_-_Wikipedia_7dc02fd5.md,yes,AI Risk Mitigation,AI Safety,misuse,blog_post,CBRN,Scalable Oversight
applied,15,medium,CERN_for_AI_An_overview_ad031a5f.md,yes,Evaluation,AI Safety,misuse,blog_post,governance|open-source,RLHF & Its Limitations|Existential Risk & Superintelligence|AI Evaluations & Benchmarks
applied,3,low,CRISPR_-_Wikipedia_6fa4f6de.md,yes,RSP,AI Safety,misalignment,blog_post,RSP,Responsible Scaling Policies
applied,12,medium,Claude_Doesnt_Want_to_Die_b85a5017.md,yes,Evaluation,AI Safety,misalignment,blog_post,evaluations|benchmarks|existential-risk|Anthropic|OpenAI,RLHF & Its Limitations|Scalable Oversight|Existential Risk & Superintelligence|AI Evaluations & Benchmarks
applied,10,medium,Claudes_Constitution_5f2c1d85.md,yes,RSP,AI Safety,misalignment,blog_post,Constitutional-AI|scalable-oversight|RSP|Anthropic|DeepMind|transparency|adversarial,RLHF & Its Limitations|Constitutional AI (RLAIF)|Scalable Oversight|AI Evaluations & Benchmarks|Responsible Scaling Policies
applied,10,medium,Claudes_Constitution_b1c32e58.md,yes,RSP,AI Safety,misuse,model_card,bioweapons|cyber-offense|model-card|Anthropic|transparency|jailbreaking,Scalable Oversight|Existential Risk & Superintelligence|AI Evaluations & Benchmarks
applied,3,medium,Code_World_Model_Preparedness_Report_d4af6e7f.md,yes,Evaluation,AI Safety,misalignment,blog_post,catastrophic-risk|open-weight,Scalable Oversight|AI Evaluations & Benchmarks
skip_no_ai_signal,1,low,Concorde_-_Wikipedia_12110b87.md,yes,AI Risk Mitigation,AI Safety,misalignment,blog_post,,Scalable Oversight
skip_no_ai_signal,1,low,Construct_validity_-_Wikipedia_d940ad0b.md,yes,Evaluation,AI Safety,misalignment,blog_post,,RLHF & Its Limitations|Scalable Oversight|AI Evaluations & Benchmarks
applied,3,high,Cookie_Policy_1d4cbca5.md,yes,AI Risk Mitigation,AI Safety,structural,research_paper,Google|AGI,RLHF & Its Limitations
applied,14,medium,Core_Views_on_AI_Safety_When_Why_What_and_How_8c7fd668.md,yes,Evaluation,AI Safety,mistakes,blog_post,catastrophic-risk|Anthropic|OpenAI|interpretability|mechanistic-interpretability,RLHF & Its Limitations|Existential Risk & Superintelligence|AI Evaluations & Benchmarks
applied,14,medium,Core_Views_on_AI_Safety_When_Why_What_and_How_cbeac227.md,yes,Evaluation,AI Safety,mistakes,blog_post,catastrophic-risk|Anthropic|OpenAI|interpretability|mechanistic-interpretability,RLHF & Its Limitations|Existential Risk & Superintelligence|AI Evaluations & Benchmarks
applied,5,medium,Could_Artificial_Intelligence_Be_Misused_to_Plan_Biological_Attacks_fd68ea56.md,yes,Evaluation,AI Safety,misalignment,blog_post,red-teaming|bioweapons|regulation,AI Evaluations & Benchmarks|Scalable Oversight
skip_no_ai_signal,1,low,Countries_that_are_democracies_and_autocracies_a519aa06.md,yes,AI Risk Mitigation,AI Safety,misalignment,blog_post,,RLHF & Its Limitations
applied,10,medium,Dario_Amodei_Machines_of_Loving_Grace_caf0dd8e.md,yes,AI Risk Mitigation,AI Safety,misalignment,blog_post,governance|Anthropic|adversarial,Scalable Oversight|Existential Risk & Superintelligence
skip_no_ai_signal,1,low,Deep_Reinforcement_Learning_from_Human_Preferences_6168096f.md,yes,AI Risk Mitigation,AI Safety,misalignment,blog_post,,RLHF & Its Limitations|Scalable Oversight
skip_no_ai_signal,1,low,Defining_Insider_Threats_CISA_9afeb970.md,yes,AI Risk Mitigation,AI Safety,misuse,blog_post,cyber-offense,Scalable Oversight|Existential Risk & Superintelligence
applied,4,low,Elo_rating_system_-_Wikipedia_0240201a.md,yes,Evaluation,AI Safety,misalignment,blog_post,evaluations,RLHF & Its Limitations|AI Evaluations & Benchmarks
applied,9,medium,Exclusive_New_Research_Shows_AI_Strategically_Lying_6f6ffce8.md,yes,Evaluation,AI Safety,misalignment,blog_post,alignment-faking|deception|dangerous-capabilities|Anthropic|OpenAI,Alignment Faking & Scheming|AI Evaluations & Benchmarks
applied,3,low,Externality_-_Wikipedia_9530d9ad.md,yes,AI Risk Mitigation,AI Safety,misalignment,blog_post,,Scalable Oversight
applied,6,medium,FMF_Announces_First-Of-Its-Kind_Information-Sharing_Agreement_-_Frontier_Model_Forum_0426045b.md,yes,AI Risk Mitigation,AI Safety,misuse,blog_post,cyber-offense|CBRN|Anthropic|OpenAI|adversarial|jailbreaking,RLHF & Its Limitations
skip_no_ai_signal,1,low,Five_Eyes_-_Wikipedia_090eb4e2.md,yes,AI Risk Mitigation,AI Safety,misalignment,blog_post,debate,Scalable Oversight
applied,2,low,Four_Asian_Tigers_-_Wikipedia_0a522b8a.md,yes,AI Risk Mitigation,AI Safety,misalignment,blog_post,,RLHF & Its Limitations
skip_lowconf_noconcepts,2,low,Future_of_AI_Course_BlueDot_Impact_100477de.md,yes,AI Risk Mitigation,AI Safety,misalignment,educational,,
skip_lowconf_noconcepts,2,low,Future_of_AI_Course_BlueDot_Impact_a9f3387d.md,yes,AI Risk Mitigation,AI Safety,misalignment,educational,,
skip_lowconf_noconcepts,2,low,Future_of_AI_Course_BlueDot_Impact_cbe94e84.md,yes,AI Risk Mitigation,AI Safety,misalignment,educational,,
applied,2,low,Gene_drives_gaining_speed_-_Nature_Reviews_Genetics_37b3bbea.md,yes,Evaluation,AI Safety,misalignment,blog_post,,AI Evaluations & Benchmarks
applied,3,low,Getting_Closer_to_AI_Complete_Question_Answering_A_Set_of_Prerequisite_Real_Tasks_d03c202c.md,yes,AI Risk Mitigation,AI Safety,misalignment,blog_post,,Pretraining Data Filtering
skip_no_ai_signal,1,medium,GiveWell_10b8709a.md,yes,RSP,AI Safety,misalignment,blog_post,evaluations|RSP,RLHF & Its Limitations|AI Evaluations & Benchmarks|Responsible Scaling Policies
skip_no_ai_signal,1,low,Going_on_a_vacation_takes_longer_than_Going_for_a_walk_A_Study_of_Temporal_Commonsense_Understanding_ab7380ce.md,yes,Evaluation,AI Safety,misalignment,blog_post,,AI Evaluations & Benchmarks
applied,4,medium,Goodharts_law_-_Wikipedia_d425846f.md,yes,Evaluation,AI Safety,misalignment,blog_post,evaluations|regulation|extinction,Existential Risk & Superintelligence|AI Evaluations & Benchmarks
applied,14,medium,Google_-_Wikipedia_500fb8cf.md,yes,AI Risk Mitigation,AI Safety,misalignment,blog_post,autonomous-systems|Google,RLHF & Its Limitations|Agentic Misalignment
skip_no_ai_signal,1,medium,Google_Security_Keys_Neutralized_Employee_Phishing_34af5dff.md,yes,AI Risk Mitigation,AI Safety,misalignment,blog_post,Google|open-source,RLHF & Its Limitations
applied,2,low,HiLumi_LHC_CERNs_full-scale_test_stand_ente..._f5bf7d31.md,yes,Evaluation,AI Safety,misalignment,blog_post,,Existential Risk & Superintelligence|AI Evaluations & Benchmarks
applied,8,low,Highly_accurate_protein_structure_prediction_with_AlphaFold_-_Nature_a06e223c.md,yes,AI Risk Mitigation,AI Safety,misalignment,blog_post,,Scalable Oversight|Existential Risk & Superintelligence
applied,6,low,How_AI_Labs_Can_Safeguard_Model_Weights_f80e302b.md,yes,Evaluation,AI Safety,misalignment,blog_post,benchmarks,RLHF & Its Limitations|Existential Risk & Superintelligence|AI Evaluations & Benchmarks
skip_no_ai_signal,1,low,IBMs_Watson_gave_unsafe_recommendations_for_treating_cancer_f6b8efde.md,yes,AI Risk Mitigation,AI Safety,misalignment,blog_post,,RLHF & Its Limitations|Scalable Oversight
applied,2,medium,Increasing_the_Policy_Readiness_of_Ideas_Tom_Kalil_9daa4574.md,yes,RSP,AI Safety,misalignment,blog_post,RSP|governance|regulation,RLHF & Its Limitations|Scalable Oversight|Existential Risk & Superintelligence|AI Evaluations & Benchmarks|Responsible Scaling Policies
applied,2,low,Inhibition_of_IL-11_signalling_extends_mammalian_healthspan_and_lifespan_-_Nature_4dbe3a8d.md,yes,AI Risk Mitigation,AI Safety,misalignment,blog_post,regulation,RLHF & Its Limitations
skip_no_ai_signal,1,low,Institute_for_Disease_Modeling_-_Wikipedia_ef22656c.md,yes,RSP,AI Safety,misalignment,blog_post,open-source,Scalable Oversight|Responsible Scaling Policies
applied,7,medium,Introducing_computer_use_a_new_Claude_3.5_Sonnet_and_Claude_3.5_Haiku_03af6638.md,yes,RSP,AI Safety,misalignment,blog_post,evaluations|benchmarks|RSP|responsible-scaling|ASL|catastrophic-risk|agentic-AI|tool-use|autonomous-systems|Anthropic,Agentic Misalignment|AI Evaluations & Benchmarks|Responsible Scaling Policies
applied,6,high,Introducing_the_Anthropic_Fellows_Program_for_AI_Safety_Research_3a87facf.md,yes,RSP,AI Safety,misuse|misalignment,blog_post,deception|sleeper-agents|reward-modeling|scalable-oversight|evaluations|dangerous-capabilities|chain-of-thought|RSP|Anthropic|robustness,RLHF & Its Limitations|Scalable Oversight|Alignment Faking & Scheming|AI Evaluations & Benchmarks|Responsible Scaling Policies
applied,4,low,Is_Democracy_a_Fad_6c2db200.md,yes,AI Risk Mitigation,AI Safety,misalignment,blog_post,,RLHF & Its Limitations
applied,8,medium,Jailbreak_tricks_Discords_new_chatbot_into_sharing_napalm_and_meth_instructions_TechCrunch_ec6b1403.md,yes,RSP,AI Safety,misuse,blog_post,OpenAI|jailbreaking|prompt-injection,RLHF & Its Limitations|Existential Risk & Superintelligence|Responsible Scaling Policies
applied,2,low,Jason_Matheny_-_Profile_8006f865.md,yes,AI Risk Mitigation,AI Safety,misalignment,blog_post,,RLHF & Its Limitations
applied,5,low,KullbackLeibler_divergence_-_Wikipedia_f9bd8e99.md,yes,Evaluation,AI Safety,misalignment,blog_post,,AI Evaluations & Benchmarks
applied,5,medium,LAB-Bench_Measuring_Capabilities_of_Language_Models_for_Biology_Research_FutureHouse_71d8629b.md,yes,Evaluation,AI Safety,misalignment,blog_post,evaluations|benchmarks|tool-use,Scalable Oversight|Agentic Misalignment|Existential Risk & Superintelligence|AI Evaluations & Benchmarks
applied,2,low,LESSWRONG_318b69cf.md,yes,Evaluation,AI Safety,misalignment,blog_post,,RLHF & Its Limitations|AI Evaluations & Benchmarks
applied,4,medium,LESSWRONG_6e8fb49c.md,yes,AI Risk Mitigation,AI Safety,misalignment,blog_post,autonomous-systems|OpenAI,Scalable Oversight
applied,5,low,LESSWRONG_cc1eed09.md,yes,AI Risk Mitigation,AI Safety,misalignment,blog_post,,RLHF & Its Limitations|Existential Risk & Superintelligence|Agentic Misalignment
applied,5,low,LESSWRONG_d0aef86c.md,yes,AI Risk Mitigation,AI Safety,misalignment,blog_post,,RLHF & Its Limitations|Scalable Oversight|Existential Risk & Superintelligence
applied,5,low,LESSWRONG_f9826af5.md,yes,AI Risk Mitigation,AI Safety,misalignment,blog_post,,RLHF & Its Limitations
applied,5,medium,LLM_CTF_SaTML_2024_97b1f306.md,yes,Evaluation,AI Safety,misalignment,blog_post,evaluations|red-teaming|adversarial|prompt-injection|open-source,AI Evaluations & Benchmarks
applied,7,low,Locating_and_Editing_Factual_Associations_in_GPT_c596305d.md,yes,RSP,AI Safety,misalignment,blog_post,RSP,AI Evaluations & Benchmarks|Responsible Scaling Policies
applied,4,medium,Location_Verification_for_AI_Chips_Institute_for_AI_Policy_and_Strategy_de9e0639.md,yes,AI Risk Mitigation,AI Safety,misalignment,blog_post,regulation|open-source,RLHF & Its Limitations
applied,15,medium,MATS_Research_fb0dee66.md,yes,RSP,AI Safety,misalignment,blog_post,deception|RSP|Anthropic|interpretability|mechanistic-interpretability|transparency,RLHF & Its Limitations|AI Evaluations & Benchmarks|Responsible Scaling Policies
applied,2,low,Malaria_vaccine_-_Wikipedia_a81e30ed.md,yes,AI Risk Mitigation,AI Safety,misalignment,blog_post,regulation,RLHF & Its Limitations
applied,10,medium,Mapping_the_Mind_of_a_Large_Language_Model_498fcf79.md,yes,AI Risk Mitigation,AI Safety,misalignment,blog_post,Anthropic|OpenAI|interpretability,RLHF & Its Limitations
applied,8,high,Modifying_LLM_Beliefs_with_Synthetic_Document_Finetuning_6e2b5ec5.md,yes,Evaluation,AI Safety,misalignment,blog_post,unlearning|evaluations|chain-of-thought|Anthropic|OpenAI|open-source,Pretraining Data Filtering|AI Evaluations & Benchmarks
applied,2,low,Noah_R._Feldman_-_Harvard_Law_School_c07b20cb.md,yes,Model-level Mitigation,AI Safety,misalignment,blog_post,governance,Scalable Oversight|Constitutional AI (RLAIF)
applied,4,medium,Official_Leaderboards_cf42ebe4.md,yes,Evaluation,AI Safety,misalignment,blog_post,evaluations|Anthropic|OpenAI|open-source,RLHF & Its Limitations|AI Evaluations & Benchmarks|Agentic Misalignment
applied,6,medium,OpenAI_Model_Spec_49ff3771.md,yes,AI Risk Mitigation,AI Safety,misalignment,blog_post,OpenAI|transparency,RLHF & Its Limitations|Existential Risk & Superintelligence
skip_no_ai_signal,1,low,Order_statistic_-_Wikipedia_8127eb5f.md,yes,Evaluation,AI Safety,misalignment,blog_post,,RLHF & Its Limitations|AI Evaluations & Benchmarks
applied,10,medium,Paul_Christiano_Current_Work_in_AI_Alignment_Effective_Altruism_c4e0b2b8.md,yes,RSP,AI Safety,mistakes,blog_post,RSP|catastrophic-risk|OpenAI,Existential Risk & Superintelligence|Responsible Scaling Policies|RLHF & Its Limitations
applied,12,medium,Pause_Giant_AI_Experiments_An_Open_Letter_-_Future_of_Life_Institute_d6f15827.md,yes,RSP,AI Safety,misalignment,petition,power-seeking|RSP|governance|regulation|x-risk|existential-risk|superintelligence|catastrophic-risk|OpenAI|interpretability,Existential Risk & Superintelligence|Responsible Scaling Policies
applied,3,low,Political_Declaration_on_Responsible_Military_Use_of_Artificial_Intelligence_and_Autonomy_-_United_S_bf03e86d.md,yes,AI Risk Mitigation,AI Safety,misalignment,blog_post,,Scalable Oversight
skip_no_ai_signal,1,low,Population_Growth_0b6d4e35.md,yes,Evaluation,AI Safety,misalignment,blog_post,,AI Evaluations & Benchmarks
applied,2,high,Pre-agriculture_gender_relations_seem_bad_b40c36f1.md,yes,RSP,AI Safety,misalignment,blog_post,RSP|Google|x-risk|AGI,RLHF & Its Limitations|Scalable Oversight|Responsible Scaling Policies|Existential Risk & Superintelligence
applied,8,high,Putting_up_Bumpers_0d0b4e54.md,yes,Evaluation,AI Safety,misalignment,blog_post,sandbagging|superalignment|evaluations|red-teaming|dangerous-capabilities|regulation|AGI|autonomous-systems|Anthropic|OpenAI,RLHF & Its Limitations|Alignment Faking & Scheming|Weak-to-Strong Generalization|Existential Risk & Superintelligence|AI Evaluations & Benchmarks
applied,9,medium,Reasons_that_AI_Can_Help_with_AI_Governance_56a98a0a.md,yes,RSP,AI Safety,misuse,blog_post,Constitutional-AI|bioweapons|cyber-offense|disinformation|RSP|governance|Anthropic|OpenAI|open-source,Constitutional AI (RLAIF)|Existential Risk & Superintelligence|AI Evaluations & Benchmarks|Responsible Scaling Policies
applied,7,low,Safety_engineering_target_selection_and_alignment_theory_-_Machine_Intelligence_Research_Institute_8e289f7b.md,yes,AI Risk Mitigation,AI Safety,misalignment,blog_post,,RLHF & Its Limitations|Existential Risk & Superintelligence
applied,5,low,Scaling_tacit_knowledge_8d8f5a60.md,yes,AI Risk Mitigation,AI Safety,misalignment,blog_post,Google,RLHF & Its Limitations|Scalable Oversight|Existential Risk & Superintelligence
skip_no_ai_signal,1,low,Sensitive_compartmented_information_facility_-_Wikipedia_f4baae85.md,yes,AI Risk Mitigation,AI Safety,misalignment,blog_post,,Scalable Oversight
applied,3,medium,Short_letter_to_my_11-year-old_self_174af071.md,yes,AI Risk Mitigation,AI Safety,misalignment,blog_post,debate|biorisk,RLHF & Its Limitations|Scalable Oversight|Existential Risk & Superintelligence
applied,3,low,Smart_contract_-_Wikipedia_a859c087.md,yes,AI Risk Mitigation,AI Safety,misalignment,blog_post,,RLHF & Its Limitations
applied,2,low,Sortition_-_Wikipedia_38461114.md,yes,AI Risk Mitigation,AI Safety,misalignment,blog_post,governance,RLHF & Its Limitations|Existential Risk & Superintelligence
applied,4,medium,Squiggle_Maximizer_formerly_Paperclip_maximizer_9bc9007c.md,yes,RSP,AI Safety,misalignment,blog_post,inner-alignment|outer-alignment|RSP|AGI|intelligence-explosion,RLHF & Its Limitations|Scalable Oversight|Existential Risk & Superintelligence|Responsible Scaling Policies
applied,3,low,Statistical_hypothesis_test_-_Wikipedia_391af5d7.md,yes,Evaluation,AI Safety,misalignment,blog_post,,AI Evaluations & Benchmarks
applied,7,medium,Steering_at_the_Frontier_Extending_the_Power_of_Prompting_-_Microsoft_Research_aacb2dd9.md,yes,Evaluation,AI Safety,misalignment,blog_post,evaluations|benchmarks|Google,RLHF & Its Limitations|Scalable Oversight|AI Evaluations & Benchmarks
applied,2,low,Sydney_Brenner_-_Wikipedia_68c339bd.md,yes,AI Risk Mitigation,AI Safety,misalignment,blog_post,,RLHF & Its Limitations
applied,7,low,Synthetic_data_real_harm_190b80b8.md,yes,Model-level Mitigation,AI Safety,mistakes,blog_post,governance,RLHF & Its Limitations|Constitutional AI (RLAIF)
applied,6,medium,TIME100_AI_2024_Yoshua_Bengio_1464b780.md,yes,RSP,AI Safety,misuse,blog_post,biorisk|bioweapons|cyber-offense|disinformation|RSP|regulation|existential-risk|catastrophic-risk|autonomous-systems,RLHF & Its Limitations|Scalable Oversight|Existential Risk & Superintelligence|Responsible Scaling Policies|Agentic Misalignment
applied,12,medium,Technological_singularity_-_Wikipedia_cbb7a8a9.md,yes,AI Risk Mitigation,AI Safety,misalignment,blog_post,superintelligence|intelligence-explosion|extinction,Scalable Oversight|Existential Risk & Superintelligence
applied,6,medium,The_Amyloid-β_Pathway_in_Alzheimers_Disease_-_Molecular_Psychiatry_6e1c20d8.md,yes,RSP,AI Safety,misalignment,blog_post,evaluations|RSP|regulation,RLHF & Its Limitations|Scalable Oversight|AI Evaluations & Benchmarks|Responsible Scaling Policies
applied,2,low,The_Art_of_the_Deal_-_Wikipedia_b79326db.md,yes,AI Risk Mitigation,AI Safety,misalignment,blog_post,,RLHF & Its Limitations
applied,2,low,The_Association_between_Subjective_Well-being_and_Regime_Type_across_78_countries_the_moderating_rol_d6fc7d31.md,yes,Evaluation,AI Safety,misalignment,blog_post,evaluations,RLHF & Its Limitations|AI Evaluations & Benchmarks
applied,2,low,The_Better_Angels_of_Our_Nature_-_Wikipedia_c0162d30.md,yes,RSP,AI Safety,misalignment,blog_post,RSP,Responsible Scaling Policies
applied,2,medium,The_Bread_and_Butter_Problem_in_AI_Policy_b0ce0b11.md,yes,AI Risk Mitigation,AI Safety,misalignment,blog_post,governance|regulation,Scalable Oversight
applied,4,low,The_Building_Blocks_of_Interpretability_1d4292ce.md,yes,Evaluation,AI Safety,misalignment,blog_post,interpretability,AI Evaluations & Benchmarks
applied,2,low,The_Computational_Democracy_Project_f509dda6.md,yes,AI Risk Mitigation,AI Safety,misalignment,blog_post,open-source,RLHF & Its Limitations
applied,4,high,The_Duplicator_e65d0141.md,yes,AI Risk Mitigation,AI Safety,misalignment,blog_post,x-risk|AGI,RLHF & Its Limitations|Existential Risk & Superintelligence
skip_no_ai_signal,1,low,The_End_of_History_and_the_Last_Man_-_Wikipedia_c764d2ce.md,yes,Evaluation,AI Safety,misalignment,blog_post,,AI Evaluations & Benchmarks
applied,6,medium,The_U.S._Public_Wants_Regulation_or_Prohibition_of_ExpertLevel_and_Superhuman_AI_-_Future_of_Life_In_c40e1edd.md,yes,AI Risk Mitigation,AI Safety,structural,blog_post,regulation|extinction,RLHF & Its Limitations|Scalable Oversight|Existential Risk & Superintelligence
applied,5,high,The_most_important_century_blog_post_series_fd178cb0.md,yes,AI Risk Mitigation,AI Safety,misalignment,blog_post,x-risk|AGI,RLHF & Its Limitations|Scalable Oversight|Existential Risk & Superintelligence
applied,4,low,The_near-term_impact_of_AI_on_the_cyber_threat_ed1654d4.md,yes,Evaluation,AI Safety,misuse,blog_post,,RLHF & Its Limitations|Scalable Oversight|AI Evaluations & Benchmarks
applied,2,low,The_world_is_awful._The_world_is_much_better._The_world_can_be_much_better._fafa44ac.md,yes,RSP,AI Safety,misalignment,blog_post,RSP,RLHF & Its Limitations|Existential Risk & Superintelligence|Responsible Scaling Policies
skip_no_ai_signal,1,low,Three_rules_for_technological_fixes_-_Nature_92877fb3.md,yes,AI Risk Mitigation,AI Safety,misalignment,blog_post,regulation,RLHF & Its Limitations|Scalable Oversight
applied,2,low,Tit_for_tat_-_Wikipedia_99757fe1.md,yes,Evaluation,AI Safety,misalignment,blog_post,adversarial,RLHF & Its Limitations|AI Evaluations & Benchmarks|Agentic Misalignment
applied,11,high,Towards_Monosemanticity_Decomposing_Language_Models_With_Dictionary_Learning_eaa33128.md,yes,AI Risk Mitigation,AI Safety,misalignment,research_paper,interpretability|mechanistic-interpretability|Anthropic,Existential Risk & Superintelligence
applied,3,low,U.S._Commerce_Secretary_Gina_Raimondo_Announces_Expansion_of_U.S._AI_Safety_Institute_Leadership_Tea_ead0c98f.md,yes,AI Risk Mitigation,AI Safety,misalignment,blog_post,,RLHF & Its Limitations|Existential Risk & Superintelligence
applied,6,medium,U.S._Pushes_for_Less_AI_Regulation_at_Paris_Summit_e783d383.md,yes,AI Risk Mitigation,AI Safety,misuse,blog_post,disinformation|governance|regulation|catastrophic-risk|Anthropic|OpenAI,RLHF & Its Limitations
applied,2,low,United_States_Armed_Forces_-_Wikipedia_f075ee33.md,yes,AI Risk Mitigation,AI Safety,misalignment,blog_post,,Scalable Oversight
skip_no_ai_signal,1,low,United_States_government_role_in_civil_aviation_-_Wikipedia_56879b18.md,yes,AI Risk Mitigation,AI Safety,misalignment,blog_post,regulation,RLHF & Its Limitations
applied,10,medium,What_Is_DeepSeek_the_New_Chinese_OpenAI_Rival_8399055d.md,yes,Evaluation,AI Safety,misalignment,blog_post,OpenAI|Meta|open-source,RLHF & Its Limitations|Existential Risk & Superintelligence|AI Evaluations & Benchmarks
applied,2,low,What_do_coherence_arguments_imply_about_the_behavior_of_advanced_AI_284a99f9.md,yes,AI Risk Mitigation,AI Safety,misalignment,blog_post,,RLHF & Its Limitations
applied,12,high,What_is_AI_alignment_510ee1d0.md,yes,AI Risk Mitigation,AI Safety,misuse,educational,governance|existential-risk|AGI|catastrophic-risk|extinction|jailbreaking,Scalable Oversight|Existential Risk & Superintelligence
applied,12,high,What_is_AI_alignment_c1a9b2f0.md,yes,AI Risk Mitigation,AI Safety,misuse,educational,governance|existential-risk|AGI|catastrophic-risk|extinction|jailbreaking,Scalable Oversight|Existential Risk & Superintelligence
applied,8,high,What_is_faithful_chain-of-thought_reasoning_and_why_is_it_useful_for_AI_safety_4f1c4c90.md,yes,Evaluation,AI Safety,misalignment|mistakes,educational,deception|sandbagging|reward-hacking|chain-of-thought|Anthropic|OpenAI|interpretability,Alignment Faking & Scheming|Existential Risk & Superintelligence|AI Evaluations & Benchmarks
applied,6,high,What_is_supervised_fine-tuning_ea12b59d.md,yes,Evaluation,AI Safety,misalignment,educational,RLHF|superalignment|OpenAI,RLHF & Its Limitations|Weak-to-Strong Generalization|AI Evaluations & Benchmarks
applied,7,medium,What_is_the_alignment_problem_c4c79e06.md,yes,Evaluation,AI Safety,misalignment,blog_post,OpenAI|DeepMind,RLHF & Its Limitations|AI Evaluations & Benchmarks
applied,9,medium,What_normal_Americans_not_AI_companies_want_for_AI_ce23b483.md,yes,AI Risk Mitigation,AI Safety,misuse,blog_post,disinformation|governance|regulation|Anthropic|OpenAI,RLHF & Its Limitations|Existential Risk & Superintelligence
applied,2,low,Whole-genome_risk_prediction_of_common_diseases_in_human_preimplantation_embryos_-_Nature_Medicine_085889be.md,yes,Evaluation,AI Safety,misalignment,blog_post,,AI Evaluations & Benchmarks
applied,9,high,Why_AI_alignment_could_be_hard_with_modern_deep_learning_fadf7c15.md,yes,AI Risk Mitigation,AI Safety,misalignment,blog_post,sycophancy|x-risk|AGI,Scalable Oversight|Existential Risk & Superintelligence
applied,2,low,Why_Arms_Control_Is_So_Rare_American_Political_Science_Review_Cambridge_Core_ff5c046a.md,yes,AI Risk Mitigation,AI Safety,misalignment,blog_post,transparency,RLHF & Its Limitations
applied,9,medium,Why_Im_Leaving_OpenAI_and_What_Im_Doing_Next_42a87e0f.md,yes,Evaluation,AI Safety,misalignment,blog_post,red-teaming|model-card|governance|regulation|compute-governance|AGI|OpenAI,RLHF & Its Limitations|Scalable Oversight|Existential Risk & Superintelligence|AI Evaluations & Benchmarks
applied,13,medium,Why_Im_optimistic_about_our_alignment_approach_3063882f.md,yes,Evaluation,AI Safety,misalignment,blog_post,RLHF|evaluations|AGI|multi-agent|OpenAI,RLHF & Its Limitations|Agentic Misalignment|Existential Risk & Superintelligence|AI Evaluations & Benchmarks
applied,9,high,Why_Would_AI_Aim_To_Defeat_Humanity_efd7b429.md,yes,AI Alignment,AI Safety,misalignment,blog_post,deception|x-risk|AGI,Alignment Faking & Scheming|Existential Risk & Superintelligence
applied,4,low,WikipediaManual_of_Style_-_Wikipedia_b6776631.md,yes,AI Risk Mitigation,AI Safety,misalignment,blog_post,,RLHF & Its Limitations|Scalable Oversight
applied,4,medium,Ω_34_67f38999.md,yes,Evaluation,AI Safety,misuse|misalignment,blog_post,sandbagging|chain-of-thought|open-weight,Alignment Faking & Scheming|AI Evaluations & Benchmarks
applied,12,medium,Ω_36_b7040c0e.md,yes,Model-level Mitigation,AI Safety,misalignment,blog_post,scheming|deception|deceptive-alignment|sleeper-agents|sycophancy|RLHF|RLAIF|chain-of-thought|catastrophic-risk|robustness,RLHF & Its Limitations|Constitutional AI (RLAIF)|Alignment Faking & Scheming|Existential Risk & Superintelligence
applied,18,low,Ω_3_f162cf38.md,yes,Evaluation,AI Safety,misalignment,blog_post,catastrophic-risk,AI Evaluations & Benchmarks
applied,8,medium,Ω_40_e075e628.md,yes,RSP,AI Safety,misalignment,blog_post,evaluations|RSP|OpenAI|adversarial,AI Evaluations & Benchmarks|Responsible Scaling Policies
applied,8,medium,Ω_55_79d493f9.md,yes,Evaluation,AI Safety,misuse,blog_post,evaluations|catastrophic-risk|jailbreaking,Scalable Oversight|Existential Risk & Superintelligence|AI Evaluations & Benchmarks
