substring,concept,file,status
Who_Is_Open_to_Authoritarian_Governance_within_Western_Democracies,Weak-to-Strong Generalization,04_Governance-and-Policy/04c_Other-Governance/Who_Is_Open_to_Authoritarian_Governance_within_Western_Democracies_Perspectives_on_Politics_Cambridg_6478fd10.md,concept_not_present
Tit_for_tat_-_Wikipedia,Agentic Misalignment,05_Resources/05b_Sources-Background/Tit_for_tat_-_Wikipedia_99757fe1.md,concept_not_present
Google_-_Wikipedia,Agentic Misalignment,02_Mitigations-and-Methods/02a_RLHF-and-Limitations/Google_-_Wikipedia_500fb8cf.md,concept_not_present
LESSWRONG_cc1eed09,Agentic Misalignment,05_Resources/05b_Sources-Background/LESSWRONG_cc1eed09.md,concept_not_present
CRISPR_-_Wikipedia,Responsible Scaling Policies,,no_match
CRISPRCas_History_and_Perspectives,Responsible Scaling Policies,,no_match
Advances_in_CRISPR_therapeutics,Responsible Scaling Policies,,no_match
The_Amyloid,Responsible Scaling Policies,,no_match
The_Better_Angels_of_Our_Nature,Responsible Scaling Policies,,no_match
Pre-agriculture_gender_relations_seem_bad,Responsible Scaling Policies,,no_match
The_world_is_awful._The_world_is_much_better,Responsible Scaling Policies,02_Mitigations-and-Methods/02a_RLHF-and-Limitations/The_world_is_awful._The_world_is_much_better._The_world_can_be_much_better._fafa44ac.md,concept_not_present
Who_Is_Open_to_Authoritarian_Governance,Responsible Scaling Policies,04_Governance-and-Policy/04c_Other-Governance/Who_Is_Open_to_Authoritarian_Governance_within_Western_Democracies_Perspectives_on_Politics_Cambridg_6478fd10.md,concept_not_present
Externality_-_Wikipedia,Scalable Oversight,05_Resources/05b_Sources-Background/Externality_-_Wikipedia_9530d9ad.md,concept_not_present
WikipediaManual_of_Style,Scalable Oversight,,no_match
Social_Security_debate_in_the_United_States,Scalable Oversight,05_Resources/05b_Sources-Background/Social_Security_debate_in_the_United_States_-_Wikipedia_75e533ce.md,concept_not_present
Socialist_calculation_debate,Scalable Oversight,05_Resources/05b_Sources-Background/Socialist_calculation_debate_-_Wikipedia_23def74e.md,concept_not_present
United_States_Armed_Forces_-_Wikipedia,Scalable Oversight,05_Resources/05b_Sources-Background/United_States_Armed_Forces_-_Wikipedia_f075ee33.md,concept_not_present
Antagonistic_pleiotropy_hypothesis,Scalable Oversight,,no_match
Synthetic_virology_the_experts_speak,Scalable Oversight,05_Resources/05b_Sources-Background/Synthetic_virology_the_experts_speak_-_Nature_Biotechnology_bad50acf.md,concept_not_present
Revisiting_Al-Qaidas_Anthrax_Program,Scalable Oversight,05_Resources/05b_Sources-Background/Revisiting_Al-Qaidas_Anthrax_Program_-_Combating_Terrorism_Center_at_West_Point_3aeea483.md,concept_not_present
Technological_singularity_-_Wikipedia,Scalable Oversight,01_Risks-and-Failure-Modes/01a_Existential-Risk/Technological_singularity_-_Wikipedia_cbb7a8a9.md,concept_not_present
Scaling_tacit_knowledge,Scalable Oversight,05_Resources/05b_Sources-Background/Scaling_tacit_knowledge_8d8f5a60.md,concept_not_present
Smart_contract_-_Wikipedia,RLHF & Its Limitations,05_Resources/05b_Sources-Background/Smart_contract_-_Wikipedia_a859c087.md,concept_not_present
Four_Asian_Tigers_-_Wikipedia,RLHF & Its Limitations,05_Resources/05b_Sources-Background/Four_Asian_Tigers_-_Wikipedia_0a522b8a.md,concept_not_present
Sortition_-_Wikipedia,RLHF & Its Limitations,05_Resources/05b_Sources-Background/Sortition_-_Wikipedia_38461114.md,concept_not_present
Sydney_Brenner_-_Wikipedia,RLHF & Its Limitations,05_Resources/05b_Sources-Background/Sydney_Brenner_-_Wikipedia_68c339bd.md,concept_not_present
The_Art_of_the_Deal_-_Wikipedia,RLHF & Its Limitations,05_Resources/05b_Sources-Background/The_Art_of_the_Deal_-_Wikipedia_b79326db.md,concept_not_present
Malaria_vaccine_-_Wikipedia,RLHF & Its Limitations,04_Governance-and-Policy/04c_Other-Governance/Malaria_vaccine_-_Wikipedia_a81e30ed.md,concept_not_present
Google_-_Wikipedia,RLHF & Its Limitations,02_Mitigations-and-Methods/02a_RLHF-and-Limitations/Google_-_Wikipedia_500fb8cf.md,concept_not_present
LESSWRONG_19a05258,RLHF & Its Limitations,05_Resources/05b_Sources-Background/LESSWRONG_19a05258.md,concept_not_present
LESSWRONG_3b7cdedf,RLHF & Its Limitations,05_Resources/05b_Sources-Background/LESSWRONG_3b7cdedf.md,concept_not_present
Inhibition_of_IL-11_signalling,RLHF & Its Limitations,04_Governance-and-Policy/04c_Other-Governance/Inhibition_of_IL-11_signalling_extends_mammalian_healthspan_and_lifespan_-_Nature_4dbe3a8d.md,concept_not_present
Why_Arms_Control_Is_So_Rare,RLHF & Its Limitations,05_Resources/05b_Sources-Background/Why_Arms_Control_Is_So_Rare_American_Political_Science_Review_Cambridge_Core_ff5c046a.md,concept_not_present
Is_Democracy_a_Fad,RLHF & Its Limitations,05_Resources/05b_Sources-Background/Is_Democracy_a_Fad_6c2db200.md,concept_not_present
Atoms_for_Peace_-_Wikipedia,Existential Risk & Superintelligence,05_Resources/05b_Sources-Background/Atoms_for_Peace_-_Wikipedia_5e142ed9.md,concept_not_present
Baruch_Plan_-_Wikipedia,Existential Risk & Superintelligence,05_Resources/05b_Sources-Background/Baruch_Plan_-_Wikipedia_20604dc4.md,concept_not_present
Concorde_-_Wikipedia,Existential Risk & Superintelligence,05_Resources/05b_Sources-Background/Concorde_-_Wikipedia_12110b87.md,concept_not_present
CRISPR_-_Wikipedia,Existential Risk & Superintelligence,,no_match
Hodgkin,Existential Risk & Superintelligence,05_Resources/05b_Sources-Background/HodgkinHuxley_model_-_Wikipedia_cbacdc23.md,concept_not_present
Friedrich_Hayek_-_Wikipedia,Existential Risk & Superintelligence,05_Resources/05b_Sources-Background/Friedrich_Hayek_-_Wikipedia_25ec0df2.md,concept_not_present
The_Great_Illusion_-_Wikipedia,Existential Risk & Superintelligence,05_Resources/05b_Sources-Background/The_Great_Illusion_-_Wikipedia_bf74fee6.md,concept_not_present
Down_and_Out_in_the_Magic_Kingdom,Existential Risk & Superintelligence,,no_match
Three-body_problem,Existential Risk & Superintelligence,05_Resources/05b_Sources-Background/Three-body_problem_-_Wikipedia_f2d9a2b9.md,concept_not_present
Optogenetics_-_Wikipedia,Existential Risk & Superintelligence,05_Resources/05b_Sources-Background/Optogenetics_-_Wikipedia_2e1a262a.md,concept_not_present
Quantum_tunnelling_-_Wikipedia,Existential Risk & Superintelligence,05_Resources/05b_Sources-Background/Quantum_tunnelling_-_Wikipedia_fd74ba02.md,concept_not_present
Landauers_principle_-_Wikipedia,Existential Risk & Superintelligence,05_Resources/05b_Sources-Background/Landauers_principle_-_Wikipedia_1e0a71ad.md,concept_not_present
Roth_v._United_States_-_Wikipedia,Existential Risk & Superintelligence,05_Resources/05b_Sources-Background/Roth_v._United_States_-_Wikipedia_82972646.md,concept_not_present
Lump_of_labour_fallacy_-_Wikipedia,Existential Risk & Superintelligence,05_Resources/05b_Sources-Background/Lump_of_labour_fallacy_-_Wikipedia_be3ef851.md,concept_not_present
Cruel_and_unusual_punishment_-_Wikipedia,Existential Risk & Superintelligence,05_Resources/05b_Sources-Background/Cruel_and_unusual_punishment_-_Wikipedia_70a00794.md,concept_not_present
Antagonistic_pleiotropy_hypothesis,AI Evaluations & Benchmarks,,no_match
Bayes_factor_-_Wikipedia,AI Evaluations & Benchmarks,05_Resources/05b_Sources-Background/Bayes_factor_-_Wikipedia_2aa0afd6.md,concept_not_present
BLEU_-_Wikipedia,AI Evaluations & Benchmarks,05_Resources/05b_Sources-Background/BLEU_-_Wikipedia_1eb08290.md,concept_not_present
Tit_for_tat_-_Wikipedia,AI Evaluations & Benchmarks,05_Resources/05b_Sources-Background/Tit_for_tat_-_Wikipedia_99757fe1.md,concept_not_present
LESSWRONG_cc1eed09,RLHF & Its Limitations,05_Resources/05b_Sources-Background/LESSWRONG_cc1eed09.md,concept_not_present
LESSWRONG_cc1eed09,Existential Risk & Superintelligence,05_Resources/05b_Sources-Background/LESSWRONG_cc1eed09.md,concept_not_present
LESSWRONG_cc1eed09,Agentic Misalignment,05_Resources/05b_Sources-Background/LESSWRONG_cc1eed09.md,concept_not_present
LESSWRONG_19a05258,RLHF & Its Limitations,05_Resources/05b_Sources-Background/LESSWRONG_19a05258.md,concept_not_present
LESSWRONG_3b7cdedf,RLHF & Its Limitations,05_Resources/05b_Sources-Background/LESSWRONG_3b7cdedf.md,concept_not_present
LESSWRONG_f9826af5,RLHF & Its Limitations,05_Resources/05b_Sources-Background/LESSWRONG_f9826af5.md,concept_not_present
Sortition_-_Wikipedia,Existential Risk & Superintelligence,05_Resources/05b_Sources-Background/Sortition_-_Wikipedia_38461114.md,concept_not_present
Sortition_-_Wikipedia,RLHF & Its Limitations,05_Resources/05b_Sources-Background/Sortition_-_Wikipedia_38461114.md,concept_not_present
Bayes_factor_-_Wikipedia,RLHF & Its Limitations,05_Resources/05b_Sources-Background/Bayes_factor_-_Wikipedia_2aa0afd6.md,concept_not_present
KullbackLeibler_divergence_-_Wikipedia,AI Evaluations & Benchmarks,05_Resources/05b_Sources-Background/KullbackLeibler_divergence_-_Wikipedia_f9bd8e99.md,concept_not_present
Statistical_hypothesis_test_-_Wikipedia,AI Evaluations & Benchmarks,05_Resources/05b_Sources-Background/Statistical_hypothesis_test_-_Wikipedia_391af5d7.md,concept_not_present
Tit_for_tat_-_Wikipedia,RLHF & Its Limitations,05_Resources/05b_Sources-Background/Tit_for_tat_-_Wikipedia_99757fe1.md,concept_not_present
Buck_3aaf690a,RLHF & Its Limitations,,no_match
Buck_3aaf690a,Alignment Faking & Scheming,,no_match
Buck_3aaf690a,Existential Risk & Superintelligence,,no_match
Jason_Matheny_-_Profile,RLHF & Its Limitations,,no_match
Anson_Ho_,Scalable Oversight,,no_match
Anson_Ho_,Existential Risk & Superintelligence,,no_match
Anson_Ho_,AI Evaluations & Benchmarks,,no_match
Contact_Us_Apollo_Research,Scalable Oversight,,no_match
Contact_Us_Apollo_Research,Alignment Faking & Scheming,,no_match
Contact_Us_Apollo_Research,Existential Risk & Superintelligence,,no_match
Contact_Us_Apollo_Research,AI Evaluations & Benchmarks,,no_match
Apollo_Research_057bf1be,Scalable Oversight,03_Evaluations/03e_Other-Evaluations/Apollo_Research_057bf1be.md,concept_not_present
Apollo_Research_057bf1be,Alignment Faking & Scheming,03_Evaluations/03e_Other-Evaluations/Apollo_Research_057bf1be.md,concept_not_present
Apollo_Research_057bf1be,Existential Risk & Superintelligence,03_Evaluations/03e_Other-Evaluations/Apollo_Research_057bf1be.md,concept_not_present
CLARITY_-_Wikipedia,Existential Risk & Superintelligence,05_Resources/05b_Sources-Background/CLARITY_-_Wikipedia_23c62aeb.md,ok
Social_Security_debate_in_the_United_States,Existential Risk & Superintelligence,05_Resources/05b_Sources-Background/Social_Security_debate_in_the_United_States_-_Wikipedia_75e533ce.md,ok
The_Amyloid,RLHF & Its Limitations,,no_match
The_Amyloid,Scalable Oversight,,no_match
The_Amyloid,AI Evaluations & Benchmarks,,no_match
Bria_Persaud_-_Publications,AI Evaluations & Benchmarks,,no_match
Charles_Teague_-_Publications,AI Evaluations & Benchmarks,,no_match
Dawid_Maciorowski_-_Publications,AI Evaluations & Benchmarks,,no_match
Grant_Ellison_-_Publications,AI Evaluations & Benchmarks,,no_match
Henry_Alexander_Bradley_-_Publications,AI Evaluations & Benchmarks,,no_match
Jordan_Despanie_-_Publications,AI Evaluations & Benchmarks,,no_match
Kyle_Brady_-_Publications,AI Evaluations & Benchmarks,,no_match
Sarah_L._Gebauer_-_Publications,AI Evaluations & Benchmarks,,no_match
Sunishchal_Dev_-_Profile,AI Evaluations & Benchmarks,,no_match
