document,url,line,reason
AI Risk Mitigation/Can we scale human feedback for complex AI tasks? An intro to scalable oversight..md,https://www.ncbi.nlm.nih.gov/pmc/articles/PMC9939079/#:~:text=None%20of%20the%20provided%20paper%20titles%20existed%2C%20and%20all%20provided%20PubMed%20IDs%20\(PMIDs\,36,excluded domain
AI Risk Mitigation/Can we scale human feedback for complex AI tasks? An intro to scalable oversight..md,https://www-cdn.anthropic.com/de8ba9b01c9ab7cbabf5c33b80b7bbc618857627/Model_Card_Claude_3.pdf,90,excluded domain
AI Risk Mitigation/Can we scale human feedback for complex AI tasks? An intro to scalable oversight..md,https://cdn.openai.com/papers/weak-to-strong-generalization.pdf,130,excluded domain
AI Risk Mitigation/Can we scale human feedback for complex AI tasks? An intro to scalable oversight..md,https://cdn.openai.com/papers/weak-to-strong-generalization.pdf#page=8,135,excluded domain
AI Risk Mitigation/Can we scale human feedback for complex AI tasks? An intro to scalable oversight..md,https://www.reddit.com/r/ChatGPT/comments/1b0pev9/was_messing_around_with_this_prompt_and/,136,excluded domain
AI Risk Mitigation/Can we scale human feedback for complex AI tasks? An intro to scalable oversight..md,https://www.reddit.com/r/bing/comments/1b0gihk/tried_the_supremacyagi_prompt_today_and_got_some/,136,excluded domain
AI Risk Mitigation/Can we scale human feedback for complex AI tasks? An intro to scalable oversight..md,https://www.reddit.com/r/bing/comments/1b1l66u/by_far_the_strangest_response_ive_ever_gotten/,136,excluded domain
AI Risk Mitigation/Can we scale human feedback for complex AI tasks? An intro to scalable oversight..md,https://www.reddit.com/r/bing/comments/110eagl/the_customer_service_of_the_new_bing_chat_is/,136,excluded domain
AI Risk Mitigation/Can we scale human feedback for complex AI tasks? An intro to scalable oversight..md,https://www.reddit.com/r/bing/comments/110y6dh/i_broke_the_bing_chatbots_brain/,136,excluded domain
AI Risk Mitigation/Recommendations for Technical AI Safety Research Directions.md,https://docs.google.com/document/d/1WwsnJQstPq91_Yh-Ch2XRL8H_EpsnjrC1dwZXR37PC8/edit?usp=sharing,252,excluded domain
AI Risk Mitigation/What is input data filtration in AI safety?.md,https://www.ibm.com/think/topics/overfitting,35,excluded domain
AI Risk Mitigation/What is input data filtration in AI safety?.md,https://c3.ai/glossary/data-science/classifier/,43,excluded domain
AI Risk Mitigation/Deep Ignorance Filtering Pretraining Data Builds Tamper-Resistant Safeguards.md,https://deepignorance.ai/images/filtering_method.png,46,image/asset file
AI Risk Mitigation/Deep Ignorance Filtering Pretraining Data Builds Tamper-Resistant Safeguards.md,https://www.washingtonpost.com/newsletter/politics/2025/08/12/ai-systems-ignorant-sensitive-data-can-be-safer-still-smart/,51,excluded domain
AI Risk Mitigation/Enhancing Model Safety through Pretraining Data Filtering.md,https://scikit-learn.org/stable/modules/generated/sklearn.metrics.f1_score.html,76,excluded domain
AI Risk Mitigation/A simple technical explanation of RLH(AI)F.md,https://anglilian.com/blog/a-simple-technical-explanation-of-rlhaif,22,excluded domain
AI Risk Mitigation/A simple technical explanation of RLH(AI)F.md,https://kairos.fm/simple-technical-rlhaif/llm-diagram-simplified.png,48,image/asset file
AI Risk Mitigation/A simple technical explanation of RLH(AI)F.md,https://kairos.fm/simple-technical-rlhaif/mech-turk_example.png,88,image/asset file
AI Risk Mitigation/A simple technical explanation of RLH(AI)F.md,https://kairos.fm/simple-technical-rlhaif/elo-graphic.png,96,image/asset file
AI Risk Mitigation/A simple technical explanation of RLH(AI)F.md,https://kairos.fm/simple-technical-rlhaif/response-elo_diagram.png,102,image/asset file
AI Risk Mitigation/A simple technical explanation of RLH(AI)F.md,https://kairos.fm/simple-technical-rlhaif/reward-model-training_diagram.png,131,image/asset file
AI Risk Mitigation/A simple technical explanation of RLH(AI)F.md,https://machinelearningmastery.com/divergence-between-probability-distributions/,163,excluded domain
AI Risk Mitigation/A simple technical explanation of RLH(AI)F.md,https://kairos.fm/simple-technical-rlhaif/ppo_diagram.png,169,image/asset file
AI Risk Mitigation/A simple technical explanation of RLH(AI)F.md,https://kairos.fm/simple-technical-rlhaif/rlhf_steps.png,175,image/asset file
AI Risk Mitigation/A simple technical explanation of RLH(AI)F.md,https://cdn.openai.com/palms.pdf,229,excluded domain
AI Risk Mitigation/A simple technical explanation of RLH(AI)F.md,https://kairos.fm/simple-technical-rlhaif/iterative-prompt-improvement_example.png,235,image/asset file
AI Risk Mitigation/A simple technical explanation of RLH(AI)F.md,https://kairos.fm/simple-technical-rlhaif/llm-prompt-selection_diagram.png,258,image/asset file
AI Risk Mitigation/A simple technical explanation of RLH(AI)F.md,https://kairos.fm/simple-technical-rlhaif/train-with-the-coach_diagram.png,274,image/asset file
AI Risk Mitigation/A simple technical explanation of RLH(AI)F.md,https://kairos.fm/simple-technical-rlhaif/rlhaif_steps.png,280,image/asset file
AI Safety/AI Could Defeat All Of Us Combined.md,https://www.buzzsprout.com/1851795/episodes/10749983-ai-could-defeat-all-of-us-combined?client_source=small_player&amp;iframe=true&amp;referrer=https://www.buzzsprout.com/1851795/10749983-ai-could-defeat-all-of-us-combined.js?container_id=buzzsprout-player-10749983&amp;player=small,21,excluded domain
AI Safety/AI Could Defeat All Of Us Combined.md,https://www.slowboring.com/p/the-case-for-terminator-analogies?s=r,29,excluded domain
AI Safety/AI Could Defeat All Of Us Combined.md,https://smile.amazon.com/dp/B00LOOCGB2/ref=dp-kindle-redirect?_encoding=UTF8&btkr=1,63,excluded domain
AI Safety/AI Could Defeat All Of Us Combined.md,https://smile.amazon.com/Superintelligence-Dangers-Strategies-Nick-Bostrom-ebook/dp/B00LOOCGB2/,208,excluded domain
AI Safety/AI Could Defeat All Of Us Combined.md,https://data.worldbank.org/indicator/SP.POP.1564.TO.ZS,221,excluded domain
AI Safety/AI Could Defeat All Of Us Combined.md,https://docs.google.com/document/d/1_smEDPWDVIaLuZ14Cm7KLHcWx4LkJ0DCTk8bcHjYy_Y/edit,235,excluded domain
AI Safety/AI Could Defeat All Of Us Combined.md,https://docs.google.com/document/d/1VtV_eX-vU3bC41Il-x0OnT3DGqlL6zawWqtkisqr5Cg/edit,235,excluded domain
AI Safety/AI Could Defeat All Of Us Combined.md,https://xkcd.com/2030/,235,excluded domain
AI Safety/Statement on Superintelligence.md,https://action.eko.org/a/sign-the-statement-on-superintelligence,23,excluded domain
"AI Safety/When AI Thinks It Will Lose, It Sometimes Cheats.md",https://assets.ctfassets.net/kftzwdyauwt9/67qJD51Aur3eIc96iOfeOP/71551c3d223cd97e591aa89567306912/o1_system_card.pdf,42,excluded domain
AI Safety/My recent lecture at Berkeley and a vision for a “CERN for AI”.md,"https://substackcdn.com/image/fetch/$s_!jOKz!,w_1456,c_limit,f_webp,q_auto:good,fl_progressive:steep/https%3A%2F%2Fsubstack-post-media.s3.amazonaws.com%2Fpublic%2Fimages%2F77d4b5f6-f21c-4589-a560-8e9653d56630_960x527.png",39,excluded domain
AI Safety/My recent lecture at Berkeley and a vision for a “CERN for AI”.md,"https://substackcdn.com/image/fetch/$s_!WmKD!,w_1456,c_limit,f_webp,q_auto:good,fl_progressive:steep/https%3A%2F%2Fsubstack-post-media.s3.amazonaws.com%2Fpublic%2Fimages%2F1f80e406-8da3-4267-9efd-b54cd6d9f194_960x525.png",41,excluded domain
AI Safety/My recent lecture at Berkeley and a vision for a “CERN for AI”.md,"https://substackcdn.com/image/fetch/$s_!7_Hd!,w_1456,c_limit,f_webp,q_auto:good,fl_progressive:steep/https%3A%2F%2Fsubstack-post-media.s3.amazonaws.com%2Fpublic%2Fimages%2Ffcde3dc4-f3fd-43de-8a18-39321d47e1b5_960x524.png",45,excluded domain
AI Safety/My recent lecture at Berkeley and a vision for a “CERN for AI”.md,"https://substackcdn.com/image/fetch/$s_!2AwT!,w_1456,c_limit,f_webp,q_auto:good,fl_progressive:steep/https%3A%2F%2Fsubstack-post-media.s3.amazonaws.com%2Fpublic%2Fimages%2F17745e7a-ce32-407d-9c7c-c3396cd2f24d_2992x1646.png",47,excluded domain
AI Safety/My recent lecture at Berkeley and a vision for a “CERN for AI”.md,"https://substackcdn.com/image/fetch/$s_!SrJU!,w_1456,c_limit,f_webp,q_auto:good,fl_progressive:steep/https%3A%2F%2Fsubstack-post-media.s3.amazonaws.com%2Fpublic%2Fimages%2F69a98111-0a25-489a-a1b3-c3b2b52306f8_960x523.png",49,excluded domain
AI Safety/My recent lecture at Berkeley and a vision for a “CERN for AI”.md,https://x.com/Miles_Brundage/status/1648179235419480065,92,excluded domain
AI Safety/My recent lecture at Berkeley and a vision for a “CERN for AI”.md,"https://substackcdn.com/image/fetch/$s_!bx4n!,w_1456,c_limit,f_webp,q_auto:good,fl_progressive:steep/https%3A%2F%2Fsubstack-post-media.s3.amazonaws.com%2Fpublic%2Fimages%2Fcbd01891-8ef8-43b2-9d92-04926c6f0206_846x476.png",123,excluded domain
AI Safety/My recent lecture at Berkeley and a vision for a “CERN for AI”.md,https://x.com/Miles_Brundage/status/1858287399505420644,283,excluded domain
AI Safety/My recent lecture at Berkeley and a vision for a “CERN for AI”.md,https://www.slowboring.com/p/the-tragedy-of-the-manhattan-project,383,excluded domain
AI Safety/My recent lecture at Berkeley and a vision for a “CERN for AI”.md,https://docs.google.com/forms/d/e/1FAIpQLSf4SVIZdIBq3IhRPucpatYmckFGh7ZbzKS5tThOSWhVW8n9Ag/viewform?usp=sf_link,403,excluded domain
"AI Safety/Why Would AI ""Aim"" To Defeat Humanity?.md",https://www.buzzsprout.com/1851795/episodes/11739868-why-would-ai-aim-to-defeat-humanity?client_source=small_player&amp;iframe=true&amp;referrer=https://www.buzzsprout.com/1851795/11739868-why-would-ai-aim-to-defeat-humanity.js?container_id=buzzsprout-player-11739868&amp;player=small,22,excluded domain
"AI Safety/Why Would AI ""Aim"" To Defeat Humanity?.md",https://media.npr.org/assets/img/2015/06/30/tr-09117-df20f2f4f05817e574b879d22e607f952cf87867-s1100-c50.jpg,45,excluded domain
"AI Safety/Why Would AI ""Aim"" To Defeat Humanity?.md",https://drive.google.com/file/d/1TsB7WmTG2UzBtOs349lBqY5dEBaxZTzG/view,105,excluded domain
"AI Safety/Why Would AI ""Aim"" To Defeat Humanity?.md",https://storage.ghost.io/c/c1/87/c187484b-b759-4728-8cb3-1c009c2c024e/content/images/size/w1000/2022/11/image1.jpg,112,excluded domain
"AI Safety/Why Would AI ""Aim"" To Defeat Humanity?.md",https://www.google.com/url?q=https://www.forbes.com/sites/thomasbrewster/2021/10/14/huge-bank-fraud-uses-deep-fake-voice-tech-to-steal-millions/?sh%3D3088dd9b7559&sa=D&source=docs&ust=1664847041335537&usg=AOvVaw1Utsq2UOkta1yecnqoUgTq,155,excluded domain
"AI Safety/Why Would AI ""Aim"" To Defeat Humanity?.md",https://colab.research.google.com/,156,excluded domain
"AI Safety/Why Would AI ""Aim"" To Defeat Humanity?.md",https://storage.ghost.io/c/c1/87/c187484b-b759-4728-8cb3-1c009c2c024e/content/images/2022/11/image3.jpg,193,excluded domain
"AI Safety/Why Would AI ""Aim"" To Defeat Humanity?.md",https://storage.ghost.io/c/c1/87/c187484b-b759-4728-8cb3-1c009c2c024e/content/images/2022/11/image5.jpg,202,excluded domain
"AI Safety/Why Would AI ""Aim"" To Defeat Humanity?.md",https://storage.ghost.io/c/c1/87/c187484b-b759-4728-8cb3-1c009c2c024e/content/images/2022/11/image6.jpg,206,excluded domain
"AI Safety/Why Would AI ""Aim"" To Defeat Humanity?.md",https://storage.ghost.io/c/c1/87/c187484b-b759-4728-8cb3-1c009c2c024e/content/images/2022/11/image4.gif,222,excluded domain
"AI Safety/Why Would AI ""Aim"" To Defeat Humanity?.md",https://storage.ghost.io/c/c1/87/c187484b-b759-4728-8cb3-1c009c2c024e/content/images/2022/11/image2.jpg,249,excluded domain
"AI Safety/Why Would AI ""Aim"" To Defeat Humanity?.md",https://www.deepstack.ai/,344,excluded domain
"AI Safety/Why Would AI ""Aim"" To Defeat Humanity?.md",https://twitter.com/esyudkowsky/status/1070095840608366594,352,excluded domain
"AI Safety/Why Would AI ""Aim"" To Defeat Humanity?.md",https://smile.amazon.com/Superintelligence-Dangers-Strategies-Nick-Bostrom-ebook/dp/B00LOOCGB2/,402,excluded domain
"AI Safety/Why Would AI ""Aim"" To Defeat Humanity?.md",https://smile.amazon.com/Human-Compatible-Artificial-Intelligence-Problem-ebook/dp/B07N5J5FTS,405,excluded domain
"AI Safety/Why Would AI ""Aim"" To Defeat Humanity?.md",https://smile.amazon.com/Life-3-0-Being-Artificial-Intelligence-ebook/dp/B06WGNPM7V,406,excluded domain
"AI Safety/Why Would AI ""Aim"" To Defeat Humanity?.md",https://smile.amazon.com/Alignment-Problem-Machine-Learning-Values-ebook/dp/B085T55LGK/,407,excluded domain
"AI Safety/Why Would AI ""Aim"" To Defeat Humanity?.md",https://docs.google.com/document/d/1WwsnJQstPq91_Yh-Ch2XRL8H_EpsnjrC1dwZXR37PC8/edit#heading=h.lltpmkloasiz,436,excluded domain
"AI Safety/Why Would AI ""Aim"" To Defeat Humanity?.md",https://smile.amazon.com/Human-Compatible-Artificial-Intelligence-Problem-ebook/dp/B07N5J5FTS/ref=sr_1_1?crid=1O01PURRHB190&keywords=human+compatible&qid=1660964219&sprefix=human+compatibl%2Caps%2C155&sr=8-1,451,excluded domain
AI Safety/Dario Amodei — Machines of Loving Grace.md,https://scholar.google.com/citations?user=6-e-ZBEAAAAJ,40,excluded domain
AI Safety/Dario Amodei — Machines of Loving Grace.md,https://today.ucsd.edu/story/international_consortium_builds_google_map_of_human_metabolism,89,excluded domain
AI Safety/Dario Amodei — Machines of Loving Grace.md,https://alphafold.ebi.ac.uk/,91,excluded domain
AI Safety/Dario Amodei — Machines of Loving Grace.md,https://www.nobelprize.org/prizes/chemistry/2024/summary/,91,excluded domain
AI Safety/Dario Amodei — Machines of Loving Grace.md,https://www.genome.gov/about-genomics/fact-sheets/Sequencing-Human-Genome-cost,101,excluded domain
AI Safety/Dario Amodei — Machines of Loving Grace.md,https://pubmed.ncbi.nlm.nih.gov/34433919/,103,excluded domain
AI Safety/Dario Amodei — Machines of Loving Grace.md,https://www.1daysooner.org/,117,excluded domain
AI Safety/Dario Amodei — Machines of Loving Grace.md,https://www.nih.gov/news-events/news-releases/clinical-trial-mrna-universal-influenza-vaccine-candidate-begins,127,excluded domain
AI Safety/Dario Amodei — Machines of Loving Grace.md,https://www.bmj.com/content/384/bmj-2023-076962,128,excluded domain
AI Safety/Dario Amodei — Machines of Loving Grace.md,https://www.statnews.com/2022/02/02/cart-cancer-therapy-leukemia-treatment/,128,excluded domain
AI Safety/Dario Amodei — Machines of Loving Grace.md,https://www.ncbi.nlm.nih.gov/pmc/articles/PMC10080017/,128,excluded domain
AI Safety/Dario Amodei — Machines of Loving Grace.md,https://www.google.com/url?q=https://onlinelibrary.wiley.com/doi/full/10.1002/edm2.462&sa=D&source=docs&ust=1726506125482285&usg=AOvVaw1t12gKr6YA4RNeWMnhLtU6,131,excluded domain
AI Safety/Dario Amodei — Machines of Loving Grace.md,https://www.ncbi.nlm.nih.gov/pmc/articles/PMC10055119/,145,excluded domain
AI Safety/Dario Amodei — Machines of Loving Grace.md,https://www.cell.com/trends/cognitive-sciences/fulltext/S1364-6613\(23\,157,excluded domain
AI Safety/Dario Amodei — Machines of Loving Grace.md,https://www.ncbi.nlm.nih.gov/pmc/articles/PMC7016047/,163,excluded domain
AI Safety/Dario Amodei — Machines of Loving Grace.md,https://www.ncbi.nlm.nih.gov/pmc/articles/PMC9840515/,164,excluded domain
AI Safety/Dario Amodei — Machines of Loving Grace.md,https://data.worldbank.org/indicator/NY.GDP.PCAP.CD,176,excluded domain
AI Safety/Dario Amodei — Machines of Loving Grace.md,https://economics.mit.edu/sites/default/files/publications/120224%20Corruption%20Review%20Final.pdf,180,excluded domain
AI Safety/Dario Amodei — Machines of Loving Grace.md,https://pdf.usaid.gov/pdf_docs/pnacw645.pdf,180,excluded domain
AI Safety/Dario Amodei — Machines of Loving Grace.md,https://www.who.int/news-room/spotlight/history-of-vaccination/history-of-smallpox-vaccination,186,excluded domain
AI Safety/Dario Amodei — Machines of Loving Grace.md,https://www.gavi.org/vaccineswork/south-american-cities-release-mosquitoes-stem-disease,186,excluded domain
AI Safety/Dario Amodei — Machines of Loving Grace.md,https://www.noahpinion.blog/p/why-the-us-should-fight-cold-war,197,excluded domain
AI Safety/Dario Amodei — Machines of Loving Grace.md,https://www.noahpinion.blog/p/the-super-scary-theory-of-the-21st-a3a,197,excluded domain
AI Safety/Dario Amodei — Machines of Loving Grace.md,https://www.noahpinion.blog/p/plentiful-high-paying-jobs-in-the,239,excluded domain
AI Safety/Dario Amodei — Machines of Loving Grace.md,https://www.nber.org/papers/w31161,239,excluded domain
AI Safety/Dario Amodei — Machines of Loving Grace.md,https://www.hachettebookgroup.com/titles/iain-m-banks/the-player-of-games/9780316005401/,253,excluded domain
AI Safety/Dario Amodei — Machines of Loving Grace.md,https://www.si.edu/spotlight/mlk?page=4&iframe=true,253,excluded domain
AI Safety/Dario Amodei — Machines of Loving Grace.md,https://www.nobelprize.org/prizes/chemistry/2024/press-release/,263,excluded domain
AI Safety/Dario Amodei — Machines of Loving Grace.md,https://allpoetry.com/All-Watched-Over-By-Machines-Of-Loving-Grace,267,excluded domain
AI Safety/Dario Amodei — Machines of Loving Grace.md,https://www.slowboring.com/p/im-skeptical-that-powerful-ai-will,277,excluded domain
AI Safety/Dario Amodei — Machines of Loving Grace.md,https://www.aeaweb.org/articles?id=10.1257/jep.14.4.23,279,excluded domain
AI Safety/Dario Amodei — Machines of Loving Grace.md,https://www.aeaweb.org/articles?id=10.1257/mac.20180386,279,excluded domain
AI Safety/Dario Amodei — Machines of Loving Grace.md,https://www.nejm.org/doi/full/10.1056/NEJMoa1914433,305,excluded domain
AI Safety/Dario Amodei — Machines of Loving Grace.md,https://www.econlib.org/library/Essays/hykKnw.html,317,excluded domain
"AI Safety/IF ANYONE BUILDS IT,EVERYONE DIES.md",https://www.amazon.com/Anyone-Builds-Everyone-Dies-Superhuman/dp/0316595640?maas=maas_adg_DE286862CE7FE69CACBF065FBD1D5CCC_afap_abs&ref_=aa_maas&tag=maas,23,excluded domain
Model-level Mitigation/Weak-to-Strong Generalization Eliciting Strong Capabilities With Weak Supervision.md,https://ar5iv.labs.arxiv.org/html/2312.09390/assets/figures/figure1_transparent.png,41,image/asset file
Model-level Mitigation/Weak-to-Strong Generalization Eliciting Strong Capabilities With Weak Supervision.md,https://ar5iv.labs.arxiv.org/html/2312.09390/assets/x1.png,47,image/asset file
Model-level Mitigation/Weak-to-Strong Generalization Eliciting Strong Capabilities With Weak Supervision.md,https://ar5iv.labs.arxiv.org/html/2312.09390/assets/x2.png,95,image/asset file
Model-level Mitigation/Weak-to-Strong Generalization Eliciting Strong Capabilities With Weak Supervision.md,https://ar5iv.labs.arxiv.org/html/2312.09390/assets/x3.png,128,image/asset file
Model-level Mitigation/Weak-to-Strong Generalization Eliciting Strong Capabilities With Weak Supervision.md,https://ar5iv.labs.arxiv.org/html/2312.09390/assets/x4.png,150,image/asset file
Model-level Mitigation/Weak-to-Strong Generalization Eliciting Strong Capabilities With Weak Supervision.md,https://ar5iv.labs.arxiv.org/html/2312.09390/assets/x5.png,164,image/asset file
Model-level Mitigation/Weak-to-Strong Generalization Eliciting Strong Capabilities With Weak Supervision.md,https://ar5iv.labs.arxiv.org/html/2312.09390/assets/x6.png,178,image/asset file
Model-level Mitigation/Weak-to-Strong Generalization Eliciting Strong Capabilities With Weak Supervision.md,https://ar5iv.labs.arxiv.org/html/2312.09390/assets/x7.png,192,image/asset file
Model-level Mitigation/Weak-to-Strong Generalization Eliciting Strong Capabilities With Weak Supervision.md,https://ar5iv.labs.arxiv.org/html/2312.09390/assets/x8.png,216,image/asset file
Model-level Mitigation/Weak-to-Strong Generalization Eliciting Strong Capabilities With Weak Supervision.md,https://ar5iv.labs.arxiv.org/html/2312.09390/assets/x9.png,234,image/asset file
Model-level Mitigation/Weak-to-Strong Generalization Eliciting Strong Capabilities With Weak Supervision.md,https://ar5iv.labs.arxiv.org/html/2312.09390/assets/x10.png,250,image/asset file
Model-level Mitigation/Weak-to-Strong Generalization Eliciting Strong Capabilities With Weak Supervision.md,https://ar5iv.labs.arxiv.org/html/2312.09390/assets/x11.png,270,image/asset file
Model-level Mitigation/Weak-to-Strong Generalization Eliciting Strong Capabilities With Weak Supervision.md,http://thinknook.com/twitter-sentiment-analysis-training-corpus-dataset-2012-09-22/,397,excluded domain
Model-level Mitigation/Weak-to-Strong Generalization Eliciting Strong Capabilities With Weak Supervision.md,https://ar5iv.labs.arxiv.org/html/2312.09390/assets/x12.png,403,image/asset file
Model-level Mitigation/Weak-to-Strong Generalization Eliciting Strong Capabilities With Weak Supervision.md,https://ar5iv.labs.arxiv.org/html/2312.09390/assets/x13.png,407,image/asset file
Model-level Mitigation/Weak-to-Strong Generalization Eliciting Strong Capabilities With Weak Supervision.md,https://database.lichess.org/#puzzles,413,excluded domain
Model-level Mitigation/Weak-to-Strong Generalization Eliciting Strong Capabilities With Weak Supervision.md,https://ar5iv.labs.arxiv.org/html/2312.09390/assets/x14.png,415,image/asset file
Model-level Mitigation/Weak-to-Strong Generalization Eliciting Strong Capabilities With Weak Supervision.md,https://ar5iv.labs.arxiv.org/html/2312.09390/assets/x16.png,425,image/asset file
Model-level Mitigation/Weak-to-Strong Generalization Eliciting Strong Capabilities With Weak Supervision.md,https://ar5iv.labs.arxiv.org/html/2312.09390/assets/x17.png,439,image/asset file
Model-level Mitigation/Weak-to-Strong Generalization Eliciting Strong Capabilities With Weak Supervision.md,https://ar5iv.labs.arxiv.org/html/2312.09390/assets/x18.png,475,image/asset file
Model-level Mitigation/Weak-to-Strong Generalization Eliciting Strong Capabilities With Weak Supervision.md,https://ar5iv.labs.arxiv.org/html/2312.09390/assets/x19.png,479,image/asset file
Model-level Mitigation/Weak-to-Strong Generalization Eliciting Strong Capabilities With Weak Supervision.md,https://ar5iv.labs.arxiv.org/html/2312.09390/assets/x20.png,527,image/asset file
Model-level Mitigation/Weak-to-Strong Generalization Eliciting Strong Capabilities With Weak Supervision.md,https://ar5iv.labs.arxiv.org/html/2312.09390/assets/x21.png,531,image/asset file
Model-level Mitigation/Weak-to-Strong Generalization Eliciting Strong Capabilities With Weak Supervision.md,https://lichess.org,535,excluded domain
Model-level Mitigation/Weak-to-Strong Generalization Eliciting Strong Capabilities With Weak Supervision.md,https://lichess.org/,535,excluded domain
Model-level Mitigation/Weak-to-Strong Generalization Eliciting Strong Capabilities With Weak Supervision.md,https://ar5iv.labs.arxiv.org/html/2312.09390/assets/x23.png,545,image/asset file
Model-level Mitigation/Weak-to-Strong Generalization Eliciting Strong Capabilities With Weak Supervision.md,https://ar5iv.labs.arxiv.org/html/2312.09390/assets/x24.png,563,image/asset file
Model-level Mitigation/Weak-to-Strong Generalization Eliciting Strong Capabilities With Weak Supervision.md,https://ar5iv.labs.arxiv.org/html/2312.09390/assets/x25.png,603,image/asset file
Model-level Mitigation/Weak-to-Strong Generalization Eliciting Strong Capabilities With Weak Supervision.md,https://ar5iv.labs.arxiv.org/html/2312.09390/assets/x26.png,621,image/asset file
Model-level Mitigation/Weak-to-Strong Generalization Eliciting Strong Capabilities With Weak Supervision.md,https://ar5iv.labs.arxiv.org/html/2312.09390/assets/x27.png,631,image/asset file
Model-level Mitigation/Weak-to-Strong Generalization Eliciting Strong Capabilities With Weak Supervision.md,https://ar5iv.labs.arxiv.org/html/2312.09390/assets/x30.png,656,image/asset file
Model-level Mitigation/Weak-to-Strong Generalization Eliciting Strong Capabilities With Weak Supervision.md,https://ar5iv.labs.arxiv.org/html/2312.09390/assets/x33.png,662,image/asset file
Model-level Mitigation/Illustrating Reinforcement Learning from Human Feedback (RLHF).md,https://trituenhantao.io/kien-thuc/minh-hoa-rlhf-vu-khi-dang-sau-gpt/,27,excluded domain
Model-level Mitigation/Illustrating Reinforcement Learning from Human Feedback (RLHF).md,https://huggingface.co/datasets/huggingface/documentation-images/resolve/main/blog/rlhf/chatgpt-explains.png,35,image/asset file
Model-level Mitigation/Illustrating Reinforcement Learning from Human Feedback (RLHF).md,https://huggingface.co/datasets/huggingface/documentation-images/resolve/main/blog/rlhf/pretraining.png,59,image/asset file
Model-level Mitigation/Illustrating Reinforcement Learning from Human Feedback (RLHF).md,https://huggingface.co/datasets/huggingface/documentation-images/resolve/main/blog/rlhf/reward-model.png,77,image/asset file
Model-level Mitigation/Illustrating Reinforcement Learning from Human Feedback (RLHF).md,https://huggingface.co/datasets/huggingface/documentation-images/resolve/main/blog/rlhf/rlhf.png,91,image/asset file
Model-level Mitigation/Illustrating Reinforcement Learning from Human Feedback (RLHF).md,https://sea-snell.github.io/ILQL_site/,103,excluded domain
Model-level Mitigation/Illustrating Reinforcement Learning from Human Feedback (RLHF).md,https://machineslearner.com/,172,excluded domain
Model-level Mitigation/Illustrating Reinforcement Learning from Human Feedback (RLHF).md,https://yoavartzi.com/,172,excluded domain
Model-level Mitigation/Illustrating Reinforcement Learning from Human Feedback (RLHF).md,https://www.linkedin.com/in/seeall/,172,excluded domain
Model-level Mitigation/Constitutional AI Harmlessness from AI Feedback.md,https://ar5iv.labs.arxiv.org/html/2212.08073/assets/x1.png,38,image/asset file
Model-level Mitigation/Constitutional AI Harmlessness from AI Feedback.md,https://ar5iv.labs.arxiv.org/html/2212.08073/assets/x2.png,46,image/asset file
Model-level Mitigation/Constitutional AI Harmlessness from AI Feedback.md,https://ar5iv.labs.arxiv.org/html/2212.08073/assets/x3.png,71,image/asset file
Model-level Mitigation/Constitutional AI Harmlessness from AI Feedback.md,https://ar5iv.labs.arxiv.org/html/2212.08073/assets/x5.png,109,image/asset file
Model-level Mitigation/Constitutional AI Harmlessness from AI Feedback.md,https://ar5iv.labs.arxiv.org/html/2212.08073/assets/x6.png,181,image/asset file
Model-level Mitigation/Constitutional AI Harmlessness from AI Feedback.md,https://ar5iv.labs.arxiv.org/html/2212.08073/assets/x7.png,189,image/asset file
Model-level Mitigation/Constitutional AI Harmlessness from AI Feedback.md,https://ar5iv.labs.arxiv.org/html/2212.08073/assets/x8.png,203,image/asset file
Model-level Mitigation/Constitutional AI Harmlessness from AI Feedback.md,https://ar5iv.labs.arxiv.org/html/2212.08073/assets/x9.png,277,image/asset file
Model-level Mitigation/Constitutional AI Harmlessness from AI Feedback.md,https://ar5iv.labs.arxiv.org/html/2212.08073/assets/x11.png,283,image/asset file
Model-level Mitigation/Constitutional AI Harmlessness from AI Feedback.md,https://ar5iv.labs.arxiv.org/html/2212.08073/assets/x12.png,325,image/asset file
Model-level Mitigation/Constitutional AI Harmlessness from AI Feedback.md,https://ar5iv.labs.arxiv.org/html/2212.08073/assets/x13.png,409,image/asset file
Model-level Mitigation/Constitutional AI Harmlessness from AI Feedback.md,https://ar5iv.labs.arxiv.org/html/2212.08073/assets/x14.png,413,image/asset file
Model-level Mitigation/Detecting and reducing scheming in AI models.md,https://www.kaggle.com/competitions/openai-gpt-oss-20b-red-teaming,42,excluded domain
Model-level Mitigation/What is deliberative alignment?.md,"https://substackcdn.com/image/fetch/$s_!AK3f!,w_1456,c_limit,f_webp,q_auto:good,fl_progressive:steep/https%3A%2F%2Fsubstack-post-media.s3.amazonaws.com%2Fpublic%2Fimages%2F87ca4b78-eff2-4826-b118-abe1bd033a91_970x860.png",56,excluded domain
Multi-Agent/New Report Multi-Agent Risks from Advanced AI.md,https://amplifyetfs.com/aieq/,23,excluded domain
Multi-Agent/New Report Multi-Agent Risks from Advanced AI.md,https://www.palantir.com/platforms/aip/defense/,23,excluded domain
Multi-Agent/New Report Multi-Agent Risks from Advanced AI.md,https://cdn.prod.website-files.com/61fe446e584616a902bcb4f0/68f768a3de8e798ed0be8263_Whitepaper-Multi-Agent-Risks-from-Advanced-AI.pdf,52,excluded domain
AI Alignment/IIIc. Superalignment.md,https://www.amazon.com/Human-Compatible-Artificial-Intelligence-Problem/dp/0525558632/ref=pd_bxgy_d_sccl_2/130-6291201-0753114?pd_rd_w=xdUdS&content-id=amzn1.sym.c51e3ad7-b551-4b1a-b43c-3cf69addb649&pf_rd_p=c51e3ad7-b551-4b1a-b43c-3cf69addb649&pf_rd_r=ES4Y6D96M254021WGBGQ&pd_rd_wg=HZkbn&pd_rd_r=1f3a9ed7-e395-4c01-be47-a7abdf9fe08c&pd_rd_i=0525558632&psc=1,53,excluded domain
AI Alignment/IIIc. Superalignment.md,https://situational-awareness.ai/wp-content/uploads/2024/06/superalignment.png,69,image/asset file
AI Alignment/IIIc. Superalignment.md,https://situational-awareness.ai/wp-content/uploads/2024/06/roger_grosse_alignment.png,79,image/asset file
AI Alignment/IIIc. Superalignment.md,https://situational-awareness.ai/wp-content/uploads/2024/06/alignment_intelligence_explosion-1.png,105,image/asset file
AI Alignment/IIIc. Superalignment.md,https://lh7-us.googleusercontent.com/docsz/AD_4nXeGgyZfekX6FKaip1aPbYgkrU4wDUGL9yW2_YHrqYms14iDMU_GoAmvTk5BuGlCvxfWpbilEWMFHM10CL6TRJPCiz2ASGj7GD4MurT3dV497AMGUDjuk_FneFb9MQFrWb6Kj4zPdBgbDWPmKp4OoxOnygQ?key=44ZSmGMnkee0DKp3NCWNgQ,153,excluded domain
AI Alignment/IIIc. Superalignment.md,https://x.com/OwainEvans_UK/status/1707451418339377361,175,excluded domain
AI Alignment/IIIc. Superalignment.md,https://twitter.com/jacob_pfau/status/1783951795238441449,181,excluded domain
AI Alignment/IIIc. Superalignment.md,https://x.com/tsarnick/status/1783804217138033007,187,excluded domain
AI Alignment/IIIc. Superalignment.md,https://twitter.com/ESYudkowsky/status/1778764474251448770,236,excluded domain
AI Alignment/Agentic Misalignment How LLMs could be insider threats.md,https://job-boards.greenhouse.io/anthropic/jobs/4631822008,343,excluded domain
AI Alignment/Agentic Misalignment How LLMs could be insider threats.md,https://job-boards.greenhouse.io/anthropic/jobs/4610158008,343,excluded domain
AI Alignment/Agentic Misalignment How LLMs could be insider threats.md,https://x.com/PalisadeAI/status/1926084635903025621,383,excluded domain
AI Alignment/Alignment faking in large language models.md,https://www.folger.edu/explore/shakespeares-works/othello/read/1/1/#line-1.1.71,94,excluded domain
AI Alignment/Alignment faking in large language models.md,https://boards.greenhouse.io/anthropic/jobs/4009165008,108,excluded domain
AI Alignment/What is AI alignment?.md,https://www.washingtonpost.com/technology/interactive/2023/ai-generated-images-bias-racism-sexism-stereotypes/,57,excluded domain
AI Alignment/What is AI alignment?.md,https://www.wired.com/story/zillow-ibuyer-real-estate/,63,excluded domain
AI Alignment/What is AI alignment?.md,"https://substackcdn.com/image/fetch/$s_!RAp_!,w_1456,c_limit,f_webp,q_auto:good,fl_progressive:steep/https%3A%2F%2Fsubstack-post-media.s3.amazonaws.com%2Fpublic%2Fimages%2F0406a656-8b00-4572-8465-94a6b373b7de_1400x1000.png",94,excluded domain
AI Alignment/What is AI alignment?.md,https://research.ibm.com/blog/what-is-alignment-ai,154,excluded domain
AI Alignment/Self-preservation or Instruction Ambiguity? Examining the Causes of Shutdown Resistance — AI Alignment Forum.md,https://nitter.net/PalisadeAI/status/1926084635903025621,28,excluded domain
AI Alignment/Self-preservation or Instruction Ambiguity? Examining the Causes of Shutdown Resistance — AI Alignment Forum.md,"https://res.cloudinary.com/lesswrong-2-0/image/upload/f_auto,q_auto/v1/mirroredImages/ac8380dafbfcb8ffcea8d9508af2d42e7a9541b293f9a4fcb08a20de1e27947c/az6e0uxfckybu5vship0",36,excluded domain
AI Alignment/Self-preservation or Instruction Ambiguity? Examining the Causes of Shutdown Resistance — AI Alignment Forum.md,"https://res.cloudinary.com/lesswrong-2-0/image/upload/f_auto,q_auto/v1/mirroredImages/deb074be2a1564de5d73e58be19e27e2990a4abc4b54649031251bdc2eb49f79/yvfypesvwfmycuiiijyg",50,excluded domain
AI Alignment/Self-preservation or Instruction Ambiguity? Examining the Causes of Shutdown Resistance — AI Alignment Forum.md,"https://res.cloudinary.com/lesswrong-2-0/image/upload/f_auto,q_auto/v1/mirroredImages/wnzkjSmrgWZaBa2aC/jt2dzqt6ae6qbtpajttu",87,excluded domain
AI Alignment/Self-preservation or Instruction Ambiguity? Examining the Causes of Shutdown Resistance — AI Alignment Forum.md,"https://res.cloudinary.com/lesswrong-2-0/image/upload/f_auto,q_auto/v1/mirroredImages/df6b8825439bddff0e385d71257ecb46272735a041e4edf6fabb46c15e0db49a/zc2epzeabw15dtmzjhns",97,excluded domain
AI Alignment/Self-preservation or Instruction Ambiguity? Examining the Causes of Shutdown Resistance — AI Alignment Forum.md,"https://res.cloudinary.com/lesswrong-2-0/image/upload/f_auto,q_auto/v1/mirroredImages/3d9c56efb2126d54d3203cdb0aec9cc41b320044c1a2b2dc8384c0c3fb545906/f7u3lv5mpxcymrma2ck6",107,excluded domain
AI Alignment/Self-preservation or Instruction Ambiguity? Examining the Causes of Shutdown Resistance — AI Alignment Forum.md,"https://res.cloudinary.com/lesswrong-2-0/image/upload/f_auto,q_auto/v1/mirroredImages/8f248bbad1ef9eb88b47c6b2c08dd37b895ff5015e09e6e029c3d030e21df44e/umaydl4nw5dctwhivwxn",117,excluded domain
AI Alignment/Self-preservation or Instruction Ambiguity? Examining the Causes of Shutdown Resistance — AI Alignment Forum.md,"https://res.cloudinary.com/lesswrong-2-0/image/upload/f_auto,q_auto/v1/mirroredImages/82ab124b367480bb7a73669b8871a5811977b1bbd5c24cb8f02f3ac03d47f21b/sauaecxy0mbz1hwf3f1l",121,excluded domain
AI Alignment/Self-preservation or Instruction Ambiguity? Examining the Causes of Shutdown Resistance — AI Alignment Forum.md,"https://res.cloudinary.com/lesswrong-2-0/image/upload/f_auto,q_auto/v1/mirroredImages/wnzkjSmrgWZaBa2aC/vjbbgfrk4qcocqnj4kww",131,excluded domain
AI Alignment/Self-preservation or Instruction Ambiguity? Examining the Causes of Shutdown Resistance — AI Alignment Forum.md,"https://res.cloudinary.com/lesswrong-2-0/image/upload/f_auto,q_auto/v1/mirroredImages/96db4e7688bdfba5f6820ed200bb220841d24064ee52a720460672e4c72ae92d/tqjkmlmhdsyikx1ofz0q",145,excluded domain
AI Alignment/When AI Chooses Harm Over Failure.md,https://civai.org/assets/p/agentic-misalignment/setup.webp,40,image/asset file
AI Alignment/When AI Chooses Harm Over Failure.md,https://civai.org/assets/p/agentic-misalignment/situational-awareness-alignment-image.webp,70,image/asset file
"AI Alignment/""Carefully Bootstrapped Alignment"" is organizationally hard.md",https://www.ncbi.nlm.nih.gov/books/NBK542883/,108,excluded domain
"AI Alignment/""Carefully Bootstrapped Alignment"" is organizationally hard.md",https://sci-hub.hkvisa.net/10.1002/jhrm.21319,112,excluded domain
"AI Alignment/""Carefully Bootstrapped Alignment"" is organizationally hard.md","https://res.cloudinary.com/lesswrong-2-0/image/upload/f_auto,q_auto/v1/mirroredImages/thkAtqoQwN6DtaiGT/j34qxvuw1v6t79ewpu24",114,excluded domain
"AI Alignment/""Carefully Bootstrapped Alignment"" is organizationally hard.md",https://web.archive.org/web/20230310001600/https://www.nytimes.com/2023/02/26/us/politics/china-lab-leak-coronavirus-pandemic.html,130,excluded domain
"AI Alignment/""Carefully Bootstrapped Alignment"" is organizationally hard.md","https://crux%20about%20b.%20e.g.,%20my%20cruxes%20for%20",170,excluded domain
Evaluation/Do the biorisk evaluations of AI labs actually measure the risk of developing bioweapons?.md,https://epoch.ai/assets/icons/paper-plane.svg,43,image/asset file
Evaluation/Do the biorisk evaluations of AI labs actually measure the risk of developing bioweapons?.md,https://www.wmdp.ai/,57,excluded domain
Evaluation/Do the biorisk evaluations of AI labs actually measure the risk of developing bioweapons?.md,https://epoch.ai/assets/images/gradient-updates/2025/do-the-biorisk-evaluations-of-ai-labs-actually-measure-the-risk-of-developing-bioweapons/figure-1.png,67,image/asset file
Evaluation/Do the biorisk evaluations of AI labs actually measure the risk of developing bioweapons?.md,https://x.com/eli_lifland/status/1916524442844598749,75,excluded domain
Evaluation/Do the biorisk evaluations of AI labs actually measure the risk of developing bioweapons?.md,https://epoch.ai/assets/images/gradient-updates/2025/do-the-biorisk-evaluations-of-ai-labs-actually-measure-the-risk-of-developing-bioweapons/figure-2.png,83,image/asset file
Evaluation/Do the biorisk evaluations of AI labs actually measure the risk of developing bioweapons?.md,https://epoch.ai/assets/images/gradient-updates/2025/do-the-biorisk-evaluations-of-ai-labs-actually-measure-the-risk-of-developing-bioweapons/figure-3.png,99,image/asset file
Evaluation/Do the biorisk evaluations of AI labs actually measure the risk of developing bioweapons?.md,https://cdn.openai.com/pdf/2221c875-02dc-4789-800b-e7758f3722c1/o3-and-o4-mini-system-card.pdf#page=12.51,103,excluded domain
Evaluation/Do the biorisk evaluations of AI labs actually measure the risk of developing bioweapons?.md,https://storage.googleapis.com/model-cards/documents/gemini-2.5-pro-preview.pdf,103,excluded domain
Evaluation/Do the biorisk evaluations of AI labs actually measure the risk of developing bioweapons?.md,https://www.cornellpress.cornell.edu/book/9780801452888/barriers-to-bioweapons/#bookTabs=1,119,excluded domain
Evaluation/Do the biorisk evaluations of AI labs actually measure the risk of developing bioweapons?.md,https://www.markowitz.bio/wp-content/uploads/2021/10/Markowitz-Nature-Biotechnology-2021.pdf,129,excluded domain
Evaluation/Do the biorisk evaluations of AI labs actually measure the risk of developing bioweapons?.md,https://www.engbio.cam.ac.uk/news/understanding-ai-enabled-biological-threats-hype-hazard-and-governance,137,excluded domain
Evaluation/Do the biorisk evaluations of AI labs actually measure the risk of developing bioweapons?.md,https://cdn.openai.com/pdf/2221c875-02dc-4789-800b-e7758f3722c1/o3-and-o4-mini-system-card.pdf#page=28.55,183,excluded domain
Evaluation/Do the biorisk evaluations of AI labs actually measure the risk of developing bioweapons?.md,https://www-cdn.anthropic.com/872c653b2d0501d6ab44cf87f43e1dc4853e4d37.pdf,191,excluded domain
Evaluation/Do the biorisk evaluations of AI labs actually measure the risk of developing bioweapons?.md,https://cdn.openai.com/pdf/18a02b5d-6b67-4cec-ab64-68cdfbddebcd/preparedness-framework-v2.pdf,191,excluded domain
Evaluation/Do the biorisk evaluations of AI labs actually measure the risk of developing bioweapons?.md,https://x.com/justjoshinyou13/status/1925779474378809579,193,excluded domain
Evaluation/Do the biorisk evaluations of AI labs actually measure the risk of developing bioweapons?.md,https://storage.googleapis.com/deepmind-media/DeepMind.com/Blog/updating-the-frontier-safety-framework/Frontier%20Safety%20Framework%202.0.pdf,197,excluded domain
Evaluation/[external] a long list of open problems and concrete projects in evals.md,https://farrelmahaztra.com/posts/sandbagging,226,excluded domain
Evaluation/[external] a long list of open problems and concrete projects in evals.md,https://x.com/polynoamial/status/1834280155730043108,410,excluded domain
Evaluation/[external] a long list of open problems and concrete projects in evals.md,https://x.com/repligate,643,excluded domain
Evaluation/[external] a long list of open problems and concrete projects in evals.md,https://x.com/elder_plinius?lang=en,643,excluded domain
Evaluation/[external] a long list of open problems and concrete projects in evals.md,https://x.com/EpochAIResearch/status/1804242346583683307,868,excluded domain
Evaluation/[external] a long list of open problems and concrete projects in evals.md,https://x.com/aorwall/status/1880989041950417267,1052,excluded domain
Evaluation/[external] a long list of open problems and concrete projects in evals.md,https://x.com/repligate/status/1846313279750394312,1060,excluded domain
Evaluation/We Need A ‘Science of Evals’.md,https://www.apolloresearch.ai/wp-content/uploads/2025/01/Frame17.webp,49,image/asset file
Evaluation/‘3cb’ The Catastrophic Cyber Capabilities Benchmark.md,https://framerusercontent.com/images/AGnALgfz3sChQ9W6BIxOQE6yc4.png?width=2866&height=1732,42,excluded domain
Evaluation/‘3cb’ The Catastrophic Cyber Capabilities Benchmark.md,https://framerusercontent.com/images/p9JixHhOuJh39MDQra6I0qj5gvE.png?width=2858&height=838,86,excluded domain
Evaluation/‘3cb’ The Catastrophic Cyber Capabilities Benchmark.md,https://framerusercontent.com/images/7hg0XvE4EC86hvHbD0uABErM8s.png?width=2864&height=1638,101,excluded domain
Evaluation/‘3cb’ The Catastrophic Cyber Capabilities Benchmark.md,https://framerusercontent.com/images/rLIAAzp01HfVW4XUnZjq2wiVRwU.png?width=2866&height=852,117,excluded domain
Evaluation/‘3cb’ The Catastrophic Cyber Capabilities Benchmark.md,https://rentry.co/kw9xssxm%0A,123,excluded domain
Lab Scorecards/Scheming risk prevention.md,https://storage.googleapis.com/deepmind-media/DeepMind.com/Blog/updating-the-frontier-safety-framework/Frontier%20Safety%20Framework%202.0.pdf#page=6,77,excluded domain
Lab Scorecards/Scheming risk prevention.md,https://docs.google.com/document/d/14M2lcN13R-FQVfvH55DHDuGlhVrnhyOo8O0YvO1dXXM/edit?tab=t.0#heading=h.21w31kpd1gl7,132,excluded domain
Lab Scorecards/Planning.md,https://www-cdn.anthropic.com/807c59454757214bfd37592d6e048079cd7a7728.pdf,30,excluded domain
Lab Scorecards/Planning.md,https://cdn.openai.com/papers/weak-to-strong-generalization.pdf#page=47,33,excluded domain
Lab Scorecards/Planning.md,https://www-cdn.anthropic.com/872c653b2d0501d6ab44cf87f43e1dc4853e4d37.pdf#page=15,64,excluded domain
Lab Scorecards/Planning.md,https://storage.googleapis.com/deepmind-media/DeepMind.com/Blog/updating-the-frontier-safety-framework/Frontier%20Safety%20Framework%202.0%20\(1\,66,excluded domain
Lab Scorecards/Planning.md,https://cdn.openai.com/pdf/18a02b5d-6b67-4cec-ab64-68cdfbddebcd/preparedness-framework-v2.pdf#page=13,67,excluded domain
Lab Scorecards/Planning.md,https://cdn-dynmedia-1.microsoft.com/is/content/microsoftcorp/microsoft/final/en-us/microsoft-brand/documents/Microsoft-Frontier-Governance-Framework.pdf#page=9,70,excluded domain
Lab Scorecards/Prep for extreme security.md,https://drive.google.com/file/d/1FEQ8a-yPwp9gAIgqhs2NqZdifqdNR18n/edit?disco=AAABbToeBnA,66,excluded domain
Lab Scorecards/Prep for extreme security.md,https://abseil.io/resources/swe-book/html/ch19.html,104,excluded domain
Lab Scorecards/Prep for extreme security.md,https://s3.us-east-1.amazonaws.com/files.cnas.org/documents/CNAS-Report-Tech-Secure-Chips-Jan-24-finalb.pdf#page=16,117,excluded domain
Lab Scorecards/Prep for extreme security.md,https://cloud.google.com/docs/security/boot-integrity,117,excluded domain
Lab Scorecards/Misuse prevention.md,https://docs.google.com/document/d/14M2lcN13R-FQVfvH55DHDuGlhVrnhyOo8O0YvO1dXXM/edit?tab=t.0#heading=h.21w31kpd1gl7,76,excluded domain
Lab Scorecards/Risk assessment.md,https://cdn-dynmedia-1.microsoft.com/is/content/microsoftcorp/microsoft/final/en-us/microsoft-brand/documents/Microsoft-Frontier-Governance-Framework.pdf#page=4,39,excluded domain
Lab Scorecards/Risk info sharing.md,https://cdn.openai.com/threat-intelligence-reports/disrupting-malicious-uses-of-our-models-february-2025-update.pdf,33,excluded domain
Lab Scorecards/Boosting safety research.md,https://docs.google.com/spreadsheets/d/10_dzImDvHq7eEag6paK6AmIdAGMBOA7yXUvumODhZ5U/edit?usp=sharing,26,excluded domain
Lab Scorecards/Boosting safety research.md,https://techcommunity.microsoft.com/blog/aiplatformblog/introducing-phi-4-microsoft%E2%80%99s-newest-small-language-model-specializing-in-comple/4357090,68,excluded domain
RSP/Our Approach to Frontier AI.md,https://about.fb.com/news/2025/02/meta-approach-frontier-ai/?utm_source=bluedot-impact,3,excluded domain
RSP/Our Approach to Frontier AI.md,https://about.fb.com/wp-content/uploads/2025/02/01_Graphic.jpg?w=1918,36,excluded domain
RSP/Our Approach to Frontier AI.md,https://about.fb.com/wp-content/uploads/2025/02/01_Graphic.jpg,36,excluded domain
RSP/AI models can be dangerous before public deployment.md,https://aspr.hhs.gov/S3/Pages/Biosafety-Levels.aspx,30,excluded domain
RSP/Responsible Scaling Policies (RSPs).md,https://metr.org/assets/images/rsp_graphic.png,50,image/asset file
RSP/Responsible Scaling Policies (RSPs).md,https://www.whitehouse.gov/wp-content/uploads/2023/07/Ensuring-Safe-Secure-and-Trustworthy-AI.pdf,66,excluded domain
RSP/Responsible Scaling Policies (RSPs).md,https://web.archive.org/web/20231010171046/https://evals.alignment.org/blog/2023-09-26-rsp/,140,excluded domain
RSP/Responsible Scaling Policies (RSPs).md,https://twitter.com/michelledonelan/status/1701977319974322263,149,excluded domain
RSP/Responsible Scaling Policy Version 3.0.md,https://cdn.openai.com/openai-preparedness-framework-beta.pdf,54,excluded domain
RSP/Responsible Scaling Policy Version 3.0.md,https://storage.googleapis.com/deepmind-media/DeepMind.com/Blog/introducing-the-frontier-safety-framework/fsf-technical-report.pdf,54,excluded domain
RSP/Responsible Scaling Policy Version 3.0.md,https://cdn.openai.com/gpt-5-system-card.pdf,54,excluded domain
RSP/Responsible Scaling Policy Version 3.0.md,https://www-cdn.anthropic.com/dc4cb293c77da3ca5e3398bdeef75ee17b42b73f.pdf,96,excluded domain
RSP/PurpleLlamaLlama-Guard412BMODEL_CARD.md at main.md,https://github.com/facebookresearch/PurpleLlama/raw/main/Llama-Guard4/12B/llama_guard_4_12b_before_pruning.png,106,image/asset file
RSP/PurpleLlamaLlama-Guard412BMODEL_CARD.md at main.md,https://github.com/facebookresearch/PurpleLlama/blob/main/Llama-Guard4/12B/llama_guard_4_12b_before_pruning.png,106,image/asset file
RSP/PurpleLlamaLlama-Guard412BMODEL_CARD.md at main.md,https://github.com/facebookresearch/PurpleLlama/raw/main/Llama-Guard4/12B/llama_guard_4_12b_after_pruning.png,110,image/asset file
RSP/PurpleLlamaLlama-Guard412BMODEL_CARD.md at main.md,https://github.com/facebookresearch/PurpleLlama/blob/main/Llama-Guard4/12B/llama_guard_4_12b_after_pruning.png,110,image/asset file
RSP/The Long-Term Benefit Trust.md,https://www.evidenceaction.org/about/our-people/kanika-bahl,72,excluded domain
RSP/The Long-Term Benefit Trust.md,https://www.evidenceaction.org/,72,excluded domain
RSP/The Long-Term Benefit Trust.md,https://www.clintonhealthaccess.org/news/chai-board-of-directors-announces-appointment-of-dr-neil-buddy-shah-as-chief-executive-officer/,73,excluded domain
RSP/The Long-Term Benefit Trust.md,https://www.clintonhealthaccess.org/about-us/,73,excluded domain
RSP/The Long-Term Benefit Trust.md,https://www.linkedin.com/in/zyrobinson,75,excluded domain
RSP/The Long-Term Benefit Trust.md,https://www.wsgr.com/en/people/david-j-berger.html,81,excluded domain
RSP/The Long-Term Benefit Trust.md,https://www.wsgr.com/en/people/amy-l-simmerman.html#credentials,81,excluded domain
RSP/The Long-Term Benefit Trust.md,https://ethical-compass-advisors.com/,81,excluded domain
AI Safety Risk/An Approach to Technical AGI Safety and Security.md,https://miro.medium.com/v2/resize:fit:1400/format:webp/0*N1EsPO1uoGBYvSZM,69,excluded domain
AI Safety Risk/An Approach to Technical AGI Safety and Security.md,https://miro.medium.com/v2/resize:fit:1400/format:webp/0*iqjhjP2MrTYAEBVc,94,excluded domain
AI Safety Risk/An Approach to Technical AGI Safety and Security.md,https://miro.medium.com/v2/resize:fit:1400/format:webp/0*QT90Si1QE_5Ypvdr,143,excluded domain
